cafe_id,name,token,count
24d120aec883,계수나무 토끼한마리,전통,15
24d120aec883,계수나무 토끼한마리,자리,11
24d120aec883,계수나무 토끼한마리,친구,5
24d120aec883,계수나무 토끼한마리,부모,5
24d120aec883,계수나무 토끼한마리,아이,5
24d120aec883,계수나무 토끼한마리,야외,4
24d120aec883,계수나무 토끼한마리,한적,4
24d120aec883,계수나무 토끼한마리,감성,4
24d120aec883,계수나무 토끼한마리,아메리카노,4
24d120aec883,계수나무 토끼한마리,넓다,3
24d120aec883,계수나무 토끼한마리,테라스,3
24d120aec883,계수나무 토끼한마리,혼자,3
24d120aec883,계수나무 토끼한마리,힐링,3
24d120aec883,계수나무 토끼한마리,깔끔,3
24d120aec883,계수나무 토끼한마리,딸기,3
24d120aec883,계수나무 토끼한마리,아기,3
24d120aec883,계수나무 토끼한마리,마을,2
24d120aec883,계수나무 토끼한마리,가족,2
24d120aec883,계수나무 토끼한마리,따뜻,2
24d120aec883,계수나무 토끼한마리,케이크,2
24d120aec883,계수나무 토끼한마리,빙수,2
24d120aec883,계수나무 토끼한마리,단맛,2
24d120aec883,계수나무 토끼한마리,데이트,2
24d120aec883,계수나무 토끼한마리,휘낭시에,2
24d120aec883,계수나무 토끼한마리,포근,2
24d120aec883,계수나무 토끼한마리,편안,1
24d120aec883,계수나무 토끼한마리,인스타,1
24d120aec883,계수나무 토끼한마리,견과,1
24d120aec883,계수나무 토끼한마리,심플,1
24d120aec883,계수나무 토끼한마리,아늑,1
24d120aec883,계수나무 토끼한마리,모던,1
24d120aec883,계수나무 토끼한마리,쫄깃하다,1
24d120aec883,계수나무 토끼한마리,브런치,1
24d120aec883,계수나무 토끼한마리,채광,1
24d120aec883,계수나무 토끼한마리,레몬,1
24d120aec883,계수나무 토끼한마리,달다,1
24d120aec883,계수나무 토끼한마리,쫄깃,1
24d120aec883,계수나무 토끼한마리,스콘,1
24d120aec883,계수나무 토끼한마리,넉넉,1
24d120aec883,계수나무 토끼한마리,어린이,1
24d120aec883,계수나무 토끼한마리,연인,1
24d120aec883,계수나무 토끼한마리,에이드,1
24d120aec883,계수나무 토끼한마리,촉촉,1
24d120aec883,계수나무 토끼한마리,햇살,1
24d120aec883,계수나무 토끼한마리,좌석,1
24d120aec883,계수나무 토끼한마리,커플,1
24d120aec883,계수나무 토끼한마리,따뜻하다,1
24d120aec883,계수나무 토끼한마리,브라우니,1
24d120aec883,계수나무 토끼한마리,쿠키,1
24d120aec883,계수나무 토끼한마리,수다,1
21834363,고구려,한옥,59
21834363,고구려,아이,19
21834363,고구려,가족,12
21834363,고구려,애견,12
21834363,고구려,전통,11
21834363,고구려,야외,11
21834363,고구려,부모,9
21834363,고구려,초코,9
21834363,고구려,라떼,9
21834363,고구려,아메리카노,8
21834363,고구려,감성,7
21834363,고구려,자리,7
21834363,고구려,넓다,7
21834363,고구려,따뜻,6
21834363,고구려,마당,6
21834363,고구려,힐링,5
21834363,고구려,편안,5
21834363,고구려,키즈,5
21834363,고구려,담백,5
21834363,고구려,모임,5
21834363,고구려,에이드,5
21834363,고구려,테라스,4
21834363,고구려,바닐라빈,4
21834363,고구려,연인,3
21834363,고구려,좌석,3
21834363,고구려,레몬,3
21834363,고구려,깔끔,3
21834363,고구려,달다,3
21834363,고구려,아늑,3
21834363,고구려,마을,2
21834363,고구려,창가,2
21834363,고구려,기와,2
21834363,고구려,고소,2
21834363,고구려,햇살,2
21834363,고구려,팥빙수,2
21834363,고구려,애플파이,2
21834363,고구려,달콤,2
21834363,고구려,쫀득하다,1
21834363,고구려,쫄깃하다,1
21834363,고구려,쫄깃,1
21834363,고구려,한적,1
21834363,고구려,조용,1
21834363,고구려,강아지,1
21834363,고구려,넓직,1
21834363,고구려,쿠키,1
21834363,고구려,친구,1
21834363,고구려,따뜻하다,1
21834363,고구려,과일,1
21834363,고구려,카페라떼,1
21834363,고구려,밀크,1
21834363,고구려,밀크티,1
21834363,고구려,말차,1
21834363,고구려,촉촉,1
21834363,고구려,상큼,1
21834363,고구려,파이,1
5d173ffbe6b0,도곡생과일모찌,딸기,15
5d173ffbe6b0,도곡생과일모찌,아메리카노,2
5d173ffbe6b0,도곡생과일모찌,라떼,2
5d173ffbe6b0,도곡생과일모찌,혼자,1
5d173ffbe6b0,도곡생과일모찌,자리,1
5d173ffbe6b0,도곡생과일모찌,초코,1
5d173ffbe6b0,도곡생과일모찌,바닐라,1
5d173ffbe6b0,도곡생과일모찌,카라멜마끼야또,1
5d173ffbe6b0,도곡생과일모찌,망고,1
5d173ffbe6b0,도곡생과일모찌,에이드,1
5d173ffbe6b0,도곡생과일모찌,레몬,1
5d173ffbe6b0,도곡생과일모찌,넓다,1
5d173ffbe6b0,도곡생과일모찌,달콤,1
5d173ffbe6b0,도곡생과일모찌,쫀득하다,1
1704482867,도곡에서,야외,8
1704482867,도곡에서,강아지,7
1704482867,도곡에서,넓다,7
1704482867,도곡에서,애견,6
1704482867,도곡에서,깔끔,3
1704482867,도곡에서,빙수,2
1704482867,도곡에서,자리,2
1704482867,도곡에서,창가,1
1704482867,도곡에서,어린이,1
1704482867,도곡에서,아기,1
1704482867,도곡에서,과일,1
1704482867,도곡에서,팥빙수,1
1704482867,도곡에서,달다,1
1704482867,도곡에서,친구,1
1704482867,도곡에서,진하다,1
1704482867,도곡에서,달달하다,1
1704482867,도곡에서,부모,1
1704482867,도곡에서,테라스,1
1704482867,도곡에서,키즈,1
1704482867,도곡에서,가족,1
1704482867,도곡에서,아이,1
1704482867,도곡에서,포토존,1
1704482867,도곡에서,아메리카노,1
1704482867,도곡에서,견과,1
1361706619,뒤란,빙수,55
1361706619,뒤란,과일,28
1361706619,뒤란,자리,13
1361706619,뒤란,가족,9
1361706619,뒤란,케이크,7
1361706619,뒤란,달다,6
1361706619,뒤란,좌석,5
1361706619,뒤란,아이,5
1361706619,뒤란,힐링,5
1361706619,뒤란,콜드브루,4
1361706619,뒤란,달달하다,4
1361706619,뒤란,딸기,4
1361706619,뒤란,팥빙수,4
1361706619,뒤란,편안,3
1361706619,뒤란,감각,3
1361706619,뒤란,햇살,3
1361706619,뒤란,라떼,3
1361706619,뒤란,달콤,2
1361706619,뒤란,따뜻,2
1361706619,뒤란,넓다,2
1361706619,뒤란,마당,2
1361706619,뒤란,조용,2
1361706619,뒤란,친구,2
1361706619,뒤란,야외,2
1361706619,뒤란,모임,1
1361706619,뒤란,마을,1
1361706619,뒤란,인스타그램,1
1361706619,뒤란,감성,1
1361706619,뒤란,쾌적,1
1361706619,뒤란,따뜻하다,1
1361706619,뒤란,포근,1
1361706619,뒤란,고소,1
1361706619,뒤란,진하다,1
1361706619,뒤란,부모,1
1361706619,뒤란,아메리카노,1
1361706619,뒤란,바닐라,1
1361706619,뒤란,말차,1
1361706619,뒤란,전통,1
1361706619,뒤란,소금,1
1361706619,뒤란,휘낭시에,1
1361706619,뒤란,창가,1
1361706619,뒤란,연인,1
1361706619,뒤란,단맛,1
1361706619,뒤란,혼자,1
1361706619,뒤란,테라스,1
1361706619,뒤란,콘센트,1
1361706619,뒤란,작업,1
1361706619,뒤란,수다,1
1361706619,뒤란,폭신,1
1361706619,뒤란,인스타,1
1361706619,뒤란,촉촉,1
1361706619,뒤란,깔끔,1
1242489748,라미과자점,소금,42
1242489748,라미과자점,케이크,24
1242489748,라미과자점,버터,23
1242489748,라미과자점,레몬,16
1242489748,라미과자점,마들렌,13
1242489748,라미과자점,넓다,11
1242489748,라미과자점,깔끔,10
1242489748,라미과자점,쿠키,9
1242489748,라미과자점,자리,8
1242489748,라미과자점,에이드,8
1242489748,라미과자점,라떼,8
1242489748,라미과자점,좌석,7
1242489748,라미과자점,따뜻,7
1242489748,라미과자점,휘낭시에,7
1242489748,라미과자점,아메리카노,7
1242489748,라미과자점,감성,7
1242489748,라미과자점,말차,7
1242489748,라미과자점,달콤,6
1242489748,라미과자점,힐링,6
1242489748,라미과자점,카라멜,5
1242489748,라미과자점,촉촉,5
1242489748,라미과자점,산뜻,5
1242489748,라미과자점,조용,4
1242489748,라미과자점,감각,4
1242489748,라미과자점,짭짤,4
1242489748,라미과자점,풍미,4
1242489748,라미과자점,달달하다,4
1242489748,라미과자점,딸기,4
1242489748,라미과자점,햇살,3
1242489748,라미과자점,포근,3
1242489748,라미과자점,편안,3
1242489748,라미과자점,채광,3
1242489748,라미과자점,고소,3
1242489748,라미과자점,쫀득하다,3
1242489748,라미과자점,상큼,3
1242489748,라미과자점,혼자,3
1242489748,라미과자점,넉넉,2
1242489748,라미과자점,창가,2
1242489748,라미과자점,아기,2
1242489748,라미과자점,아이,2
1242489748,라미과자점,초코,2
1242489748,라미과자점,과일,2
1242489748,라미과자점,쫄깃하다,2
1242489748,라미과자점,담백,2
1242489748,라미과자점,단맛,2
1242489748,라미과자점,데이트,2
1242489748,라미과자점,견과,2
1242489748,라미과자점,폭신,2
1242489748,라미과자점,아늑,1
1242489748,라미과자점,쾌적,1
1242489748,라미과자점,따뜻하다,1
1242489748,라미과자점,타르트,1
1242489748,라미과자점,인스타그램,1
1242489748,라미과자점,가족,1
1242489748,라미과자점,인스타,1
1242489748,라미과자점,수다,1
1242489748,라미과자점,두바이쫀득쿠기도,1
1242489748,라미과자점,작업,1
1242489748,라미과자점,샌드위치,1
1242489748,라미과자점,모임,1
1975700792,레브아로,브런치,26
1975700792,레브아로,자리,21
1975700792,레브아로,피자,21
1975700792,레브아로,넓다,13
1975700792,레브아로,소금,13
1975700792,레브아로,아이,8
1975700792,레브아로,편안,8
1975700792,레브아로,파스타,7
1975700792,레브아로,힐링,7
1975700792,레브아로,가족,7
1975700792,레브아로,따뜻,6
1975700792,레브아로,창가,6
1975700792,레브아로,전망,6
1975700792,레브아로,케이크,6
1975700792,레브아로,깔끔,5
1975700792,레브아로,빙수,5
1975700792,레브아로,샐러드,5
1975700792,레브아로,야외,4
1975700792,레브아로,부모,4
1975700792,레브아로,딸기,4
1975700792,레브아로,좌석,4
1975700792,레브아로,친구,3
1975700792,레브아로,팥빙수,3
1975700792,레브아로,데이트,3
1975700792,레브아로,라떼,2
1975700792,레브아로,달콤,2
1975700792,레브아로,달다,2
1975700792,레브아로,수다,1
1975700792,레브아로,연인,1
1975700792,레브아로,넉넉,1
1975700792,레브아로,포토존,1
1975700792,레브아로,과일,1
1975700792,레브아로,아늑,1
1975700792,레브아로,와이파이,1
1975700792,레브아로,고소,1
1975700792,레브아로,짭짤,1
1975700792,레브아로,초코,1
1975700792,레브아로,쿠키,1
1975700792,레브아로,쾌적,1
1975700792,레브아로,아메리카노,1
1975700792,레브아로,폭신,1
1975700792,레브아로,아기,1
1975700792,레브아로,넓직,1
1975700792,레브아로,바닐라,1
1975700792,레브아로,혼자,1
8105072e6dcf,백아,소금,31
8105072e6dcf,백아,아이,13
8105072e6dcf,백아,넓다,11
8105072e6dcf,백아,마당,9
8105072e6dcf,백아,에이드,8
8105072e6dcf,백아,아이스크림,8
8105072e6dcf,백아,딸기,8
8105072e6dcf,백아,라떼,7
8105072e6dcf,백아,전망,6
8105072e6dcf,백아,고소,5
8105072e6dcf,백아,아메리카노,5
8105072e6dcf,백아,달콤,5
8105072e6dcf,백아,가족,4
8105072e6dcf,백아,힐링,4
8105072e6dcf,백아,아기,3
8105072e6dcf,백아,카페라떼,3
8105072e6dcf,백아,야외,3
8105072e6dcf,백아,편안,3
8105072e6dcf,백아,따뜻,2
8105072e6dcf,백아,깔끔,2
8105072e6dcf,백아,스콘,2
8105072e6dcf,백아,풍미,2
8105072e6dcf,백아,과일,2
8105072e6dcf,백아,감성,2
8105072e6dcf,백아,진하다,2
8105072e6dcf,백아,자리,1
8105072e6dcf,백아,공부,1
8105072e6dcf,백아,커플,1
8105072e6dcf,백아,조용,1
8105072e6dcf,백아,포토존,1
8105072e6dcf,백아,바닐라,1
8105072e6dcf,백아,리치,1
8105072e6dcf,백아,아늑,1
8105072e6dcf,백아,테라스,1
8105072e6dcf,백아,수다,1
8105072e6dcf,백아,상큼,1
8105072e6dcf,백아,단맛,1
8105072e6dcf,백아,어린이,1
8105072e6dcf,백아,부모,1
8105072e6dcf,백아,창가,1
8105072e6dcf,백아,달다,1
8105072e6dcf,백아,데이트,1
8105072e6dcf,백아,어린이날,1
8105072e6dcf,백아,모임,1
8105072e6dcf,백아,쿠키,1
8105072e6dcf,백아,농도,1
8105072e6dcf,백아,식빵,1
1051968351,버블민,아이스크림,36
1051968351,버블민,아이,14
1051968351,버블민,소금,12
1051968351,버블민,케이크,11
1051968351,버블민,스콘,11
1051968351,버블민,아메리카노,10
1051968351,버블민,초코,10
1051968351,버블민,라떼,9
1051968351,버블민,넓다,8
1051968351,버블민,레몬,5
1051968351,버블민,식빵,5
1051968351,버블민,가족,4
1051968351,버블민,샌드위치,4
1051968351,버블민,쿠키,4
1051968351,버블민,망고,4
1051968351,버블민,넉넉,3
1051968351,버블민,다크,3
1051968351,버블민,카라멜,3
1051968351,버블민,빙수,3
1051968351,버블민,깔끔,3
1051968351,버블민,부모,2
1051968351,버블민,포토존,2
1051968351,버블민,아기,2
1051968351,버블민,마들렌,2
1051968351,버블민,파이,2
1051968351,버블민,버터,2
1051968351,버블민,진하다,2
1051968351,버블민,자리,2
1051968351,버블민,힐링,2
1051968351,버블민,고소,2
1051968351,버블민,달달하다,2
1051968351,버블민,푸딩,1
1051968351,버블민,크루아상,1
1051968351,버블민,쓴맛,1
1051968351,버블민,단맛,1
1051968351,버블민,테라스,1
1051968351,버블민,편안,1
1051968351,버블민,밀크,1
1051968351,버블민,밀크티,1
1051968351,버블민,말차,1
1051968351,버블민,에이드,1
1051968351,버블민,따뜻,1
1051968351,버블민,넓직,1
1051968351,버블민,딸기,1
1051968351,버블민,풍미,1
1051968351,버블민,연인,1
1051968351,버블민,데이트,1
1051968351,버블민,어린이날,1
1051968351,버블민,어린이,1
1051968351,버블민,좌석,1
1051968351,버블민,야외,1
1051968351,버블민,산뜻,1
1051968351,버블민,따뜻하다,1
1051968351,버블민,쾌적,1
1051968351,버블민,아늑,1
1051968351,버블민,묵직,1
1186190908,베이시스커피,케이크,2
1186190908,베이시스커피,테라스,2
1186190908,베이시스커피,아기,1
1186190908,베이시스커피,카페라떼,1
1186190908,베이시스커피,바닐라,1
1186190908,베이시스커피,라떼,1
1186190908,베이시스커피,좌석,1
1186190908,베이시스커피,한적,1
1186190908,베이시스커피,편안,1
1186190908,베이시스커피,달달하다,1
65a2f4e981b4,베이커리카페도곡76,카페라떼,3
65a2f4e981b4,베이커리카페도곡76,라떼,3
65a2f4e981b4,베이커리카페도곡76,소금,3
65a2f4e981b4,베이커리카페도곡76,넓다,2
65a2f4e981b4,베이커리카페도곡76,과일,2
65a2f4e981b4,베이커리카페도곡76,바닐라,2
65a2f4e981b4,베이커리카페도곡76,에이드,2
65a2f4e981b4,베이커리카페도곡76,야외,1
65a2f4e981b4,베이커리카페도곡76,테라스,1
65a2f4e981b4,베이커리카페도곡76,쿠키,1
65a2f4e981b4,베이커리카페도곡76,케이크,1
65a2f4e981b4,베이커리카페도곡76,아메리카노,1
65a2f4e981b4,베이커리카페도곡76,아이,1
65a2f4e981b4,베이커리카페도곡76,깔끔,1
65a2f4e981b4,베이커리카페도곡76,창가,1
65a2f4e981b4,베이커리카페도곡76,자리,1
65a2f4e981b4,베이커리카페도곡76,버터,1
52a952a42f29,보러카페,넓다,19
52a952a42f29,보러카페,야외,15
52a952a42f29,보러카페,자리,12
52a952a42f29,보러카페,딸기,8
52a952a42f29,보러카페,라떼,7
52a952a42f29,보러카페,애견,7
52a952a42f29,보러카페,아이,7
52a952a42f29,보러카페,젤라또,6
52a952a42f29,보러카페,가족,5
52a952a42f29,보러카페,테라스,5
52a952a42f29,보러카페,좌석,4
52a952a42f29,보러카페,힐링,4
52a952a42f29,보러카페,빙수,4
52a952a42f29,보러카페,쿠키,4
52a952a42f29,보러카페,포토존,4
52a952a42f29,보러카페,소금,4
52a952a42f29,보러카페,베이글,3
52a952a42f29,보러카페,깔끔,3
52a952a42f29,보러카페,스콘,3
52a952a42f29,보러카페,아이스크림,3
52a952a42f29,보러카페,모임,3
52a952a42f29,보러카페,친구,3
52a952a42f29,보러카페,감성,2
52a952a42f29,보러카페,달달하다,2
52a952a42f29,보러카페,마당,2
52a952a42f29,보러카페,초코,2
52a952a42f29,보러카페,버터,2
52a952a42f29,보러카페,피자,2
52a952a42f29,보러카페,타르트,2
52a952a42f29,보러카페,팥빙수,2
52a952a42f29,보러카페,카라멜,2
52a952a42f29,보러카페,팬케이크,2
52a952a42f29,보러카페,카페라떼,2
52a952a42f29,보러카페,과일,1
52a952a42f29,보러카페,상큼,1
52a952a42f29,보러카페,창가,1
52a952a42f29,보러카페,케이크,1
52a952a42f29,보러카페,티라미수,1
52a952a42f29,보러카페,레몬,1
52a952a42f29,보러카페,브라우니,1
52a952a42f29,보러카페,촉촉,1
52a952a42f29,보러카페,샌드위치,1
52a952a42f29,보러카페,넉넉,1
52a952a42f29,보러카페,쾌적,1
52a952a42f29,보러카페,아메리카노,1
52a952a42f29,보러카페,바닐라,1
52a952a42f29,보러카페,혼자,1
52a952a42f29,보러카페,달다,1
52a952a42f29,보러카페,인스타,1
52a952a42f29,보러카페,연인,1
52a952a42f29,보러카페,데이트,1
52a952a42f29,보러카페,식빵,1
52a952a42f29,보러카페,마들렌,1
1902773804,부덕커피로스터스,마당,26
1902773804,부덕커피로스터스,베이글,18
1902773804,부덕커피로스터스,넓다,14
1902773804,부덕커피로스터스,자리,13
1902773804,부덕커피로스터스,아메리카노,12
1902773804,부덕커피로스터스,진하다,7
1902773804,부덕커피로스터스,리치,7
1902773804,부덕커피로스터스,케이크,7
1902773804,부덕커피로스터스,깔끔,6
1902773804,부덕커피로스터스,마들렌,4
1902773804,부덕커피로스터스,소금,4
1902773804,부덕커피로스터스,감성,4
1902773804,부덕커피로스터스,고소,3
1902773804,부덕커피로스터스,티라미수,3
1902773804,부덕커피로스터스,야외,3
1902773804,부덕커피로스터스,전통,2
1902773804,부덕커피로스터스,아기,2
1902773804,부덕커피로스터스,바닐라,2
1902773804,부덕커피로스터스,라떼,2
1902773804,부덕커피로스터스,달달하다,2
1902773804,부덕커피로스터스,버터,2
1902773804,부덕커피로스터스,묵직,2
1902773804,부덕커피로스터스,치즈,2
1902773804,부덕커피로스터스,치즈케이크,2
1902773804,부덕커피로스터스,촉촉,2
1902773804,부덕커피로스터스,좌석,2
1902773804,부덕커피로스터스,따뜻,2
1902773804,부덕커피로스터스,카페라떼,2
1902773804,부덕커피로스터스,풍미,2
1902773804,부덕커피로스터스,애견,1
1902773804,부덕커피로스터스,샌드위치,1
1902773804,부덕커피로스터스,창가,1
1902773804,부덕커피로스터스,어린이,1
1902773804,부덕커피로스터스,아이,1
1902773804,부덕커피로스터스,차분,1
1902773804,부덕커피로스터스,포근,1
1902773804,부덕커피로스터스,한적,1
1902773804,부덕커피로스터스,반려,1
1902773804,부덕커피로스터스,에스프레소,1
1902773804,부덕커피로스터스,쿠키,1
1902773804,부덕커피로스터스,초코,1
1902773804,부덕커피로스터스,편안,1
1902773804,부덕커피로스터스,조용,1
1902773804,부덕커피로스터스,콘센트,1
1902773804,부덕커피로스터스,노트북,1
1902773804,부덕커피로스터스,작업,1
1902773804,부덕커피로스터스,힐링,1
1902773804,부덕커피로스터스,공부,1
1902773804,부덕커피로스터스,심플,1
1902773804,부덕커피로스터스,혼자,1
1902773804,부덕커피로스터스,따뜻하다,1
1902773804,부덕커피로스터스,친구,1
1902773804,부덕커피로스터스,달다,1
1902773804,부덕커피로스터스,가족,1
1902773804,부덕커피로스터스,인스타,1
1902773804,부덕커피로스터스,딸기,1
2054573487,빙동댕 화순점,빙수,17
2054573487,빙동댕 화순점,가족,3
2054573487,빙동댕 화순점,과일,3
2054573487,빙동댕 화순점,딸기,2
2054573487,빙동댕 화순점,초코,2
2054573487,빙동댕 화순점,아이,2
2054573487,빙동댕 화순점,에이드,1
2054573487,빙동댕 화순점,아메리카노,1
2054573487,빙동댕 화순점,망고,1
2054573487,빙동댕 화순점,달달하다,1
2054573487,빙동댕 화순점,와플,1
2054573487,빙동댕 화순점,혼자,1
477813e8555e,빛과소금,아이,3
477813e8555e,빛과소금,넓다,1
477813e8555e,빛과소금,포토존,1
477813e8555e,빛과소금,커플,1
477813e8555e,빛과소금,전통,1
477813e8555e,빛과소금,샐러드,1
477813e8555e,빛과소금,따뜻,1
1731811425,솔로투 본점,에스프레소,56
1731811425,솔로투 본점,자리,15
1731811425,솔로투 본점,야외,11
1731811425,솔로투 본점,라떼,11
1731811425,솔로투 본점,달콤,7
1731811425,솔로투 본점,쓴맛,6
1731811425,솔로투 본점,달달하다,6
1731811425,솔로투 본점,초코,6
1731811425,솔로투 본점,넓다,6
1731811425,솔로투 본점,아기,6
1731811425,솔로투 본점,따뜻,4
1731811425,솔로투 본점,부모,4
1731811425,솔로투 본점,마당,4
1731811425,솔로투 본점,좌석,3
1731811425,솔로투 본점,단맛,3
1731811425,솔로투 본점,전통,3
1731811425,솔로투 본점,아이,3
1731811425,솔로투 본점,깔끔,3
1731811425,솔로투 본점,감성,3
1731811425,솔로투 본점,데이트,3
1731811425,솔로투 본점,테라스,2
1731811425,솔로투 본점,햇살,2
1731811425,솔로투 본점,아늑,2
1731811425,솔로투 본점,인스타,2
1731811425,솔로투 본점,빈티지,2
1731811425,솔로투 본점,풍미,2
1731811425,솔로투 본점,진하다,2
1731811425,솔로투 본점,채광,2
1731811425,솔로투 본점,가족,2
1731811425,솔로투 본점,아메리카노,2
1731811425,솔로투 본점,어린이,1
1731811425,솔로투 본점,강아지,1
1731811425,솔로투 본점,바닐라,1
1731811425,솔로투 본점,달다,1
1731811425,솔로투 본점,피스타치오,1
1731811425,솔로투 본점,묵직,1
1731811425,솔로투 본점,묵직하다,1
1731811425,솔로투 본점,커플,1
1731811425,솔로투 본점,공부,1
1731811425,솔로투 본점,애견,1
1731811425,솔로투 본점,편안,1
1731811425,솔로투 본점,짭짤,1
1731811425,솔로투 본점,모임,1
1731811425,솔로투 본점,넉넉,1
1731811425,솔로투 본점,리치,1
1731811425,솔로투 본점,유모차,1
1731811425,솔로투 본점,힐링,1
1731811425,솔로투 본점,농도,1
1077641130,수만리커피,테라스,4
1077641130,수만리커피,아메리카노,4
1077641130,수만리커피,가족,4
1077641130,수만리커피,힐링,4
1077641130,수만리커피,자리,4
1077641130,수만리커피,라떼,3
1077641130,수만리커피,빈티지,2
1077641130,수만리커피,딸기,2
1077641130,수만리커피,진하다,2
1077641130,수만리커피,편안,2
1077641130,수만리커피,모던,1
1077641130,수만리커피,마들렌,1
1077641130,수만리커피,좌석,1
1077641130,수만리커피,넉넉,1
1077641130,수만리커피,혼자,1
1077641130,수만리커피,친구,1
1077641130,수만리커피,감성,1
1077641130,수만리커피,카페라떼,1
1077641130,수만리커피,넓다,1
1077641130,수만리커피,폭신,1
1077641130,수만리커피,아이,1
1077641130,수만리커피,강아지,1
1077641130,수만리커피,애견,1
1077641130,수만리커피,한적,1
1077641130,수만리커피,따뜻,1
1077641130,수만리커피,창가,1
1077641130,수만리커피,전망,1
1077641130,수만리커피,말차,1
1077641130,수만리커피,달다,1
1505632902,스타벅스 전남화순DT점,자리,9
1505632902,스타벅스 전남화순DT점,넓다,6
1505632902,스타벅스 전남화순DT점,좌석,4
1505632902,스타벅스 전남화순DT점,샌드위치,4
1505632902,스타벅스 전남화순DT점,작업,3
1505632902,스타벅스 전남화순DT점,조용,2
1505632902,스타벅스 전남화순DT점,힐링,2
1505632902,스타벅스 전남화순DT점,라떼,2
1505632902,스타벅스 전남화순DT점,넉넉,1
1505632902,스타벅스 전남화순DT점,창가,1
1505632902,스타벅스 전남화순DT점,공부,1
1505632902,스타벅스 전남화순DT점,한적,1
1505632902,스타벅스 전남화순DT점,카페라떼,1
1505632902,스타벅스 전남화순DT점,아메리카노,1
1505632902,스타벅스 전남화순DT점,토스트,1
1505632902,스타벅스 전남화순DT점,케이크,1
1505632902,스타벅스 전남화순DT점,말차,1
1505632902,스타벅스 전남화순DT점,달달하다,1
1505632902,스타벅스 전남화순DT점,달다,1
1505632902,스타벅스 전남화순DT점,따뜻,1
1505632902,스타벅스 전남화순DT점,혼자,1
1505632902,스타벅스 전남화순DT점,깔끔,1
2041392415,알메로 커피 앤 브런치,브런치,123
2041392415,알메로 커피 앤 브런치,애견,73
2041392415,알메로 커피 앤 브런치,강아지,31
2041392415,알메로 커피 앤 브런치,아기,22
2041392415,알메로 커피 앤 브런치,아이,20
2041392415,알메로 커피 앤 브런치,야외,18
2041392415,알메로 커피 앤 브런치,케이크,18
2041392415,알메로 커피 앤 브런치,깔끔,13
2041392415,알메로 커피 앤 브런치,넓다,12
2041392415,알메로 커피 앤 브런치,라떼,12
2041392415,알메로 커피 앤 브런치,아메리카노,11
2041392415,알메로 커피 앤 브런치,자리,9
2041392415,알메로 커피 앤 브런치,편안,8
2041392415,알메로 커피 앤 브런치,좌석,7
2041392415,알메로 커피 앤 브런치,쾌적,7
2041392415,알메로 커피 앤 브런치,가족,6
2041392415,알메로 커피 앤 브런치,테라스,6
2041392415,알메로 커피 앤 브런치,따뜻,5
2041392415,알메로 커피 앤 브런치,에이드,5
2041392415,알메로 커피 앤 브런치,샐러드,5
2041392415,알메로 커피 앤 브런치,초코,5
2041392415,알메로 커피 앤 브런치,타르트,5
2041392415,알메로 커피 앤 브런치,친구,4
2041392415,알메로 커피 앤 브런치,키즈,4
2041392415,알메로 커피 앤 브런치,샌드위치,4
2041392415,알메로 커피 앤 브런치,다크,4
2041392415,알메로 커피 앤 브런치,진하다,4
2041392415,알메로 커피 앤 브런치,힐링,4
2041392415,알메로 커피 앤 브런치,달콤,4
2041392415,알메로 커피 앤 브런치,넉넉,3
2041392415,알메로 커피 앤 브런치,촉촉,3
2041392415,알메로 커피 앤 브런치,풍미,3
2041392415,알메로 커피 앤 브런치,망고,3
2041392415,알메로 커피 앤 브런치,고소,3
2041392415,알메로 커피 앤 브런치,토스트,3
2041392415,알메로 커피 앤 브런치,달달하다,3
2041392415,알메로 커피 앤 브런치,식빵,2
2041392415,알메로 커피 앤 브런치,딸기,2
2041392415,알메로 커피 앤 브런치,상큼,2
2041392415,알메로 커피 앤 브런치,레몬,2
2041392415,알메로 커피 앤 브런치,새콤,2
2041392415,알메로 커피 앤 브런치,아이스크림,2
2041392415,알메로 커피 앤 브런치,혼자,2
2041392415,알메로 커피 앤 브런치,달다,2
2041392415,알메로 커피 앤 브런치,쿠키,2
2041392415,알메로 커피 앤 브런치,알메로커피앤브런치,2
2041392415,알메로 커피 앤 브런치,햇살,2
2041392415,알메로 커피 앤 브런치,조용,1
2041392415,알메로 커피 앤 브런치,차분,1
2041392415,알메로 커피 앤 브런치,모던,1
2041392415,알메로 커피 앤 브런치,에스프레소,1
2041392415,알메로 커피 앤 브런치,폭넓다,1
2041392415,알메로 커피 앤 브런치,팬케이크,1
2041392415,알메로 커피 앤 브런치,빙수,1
2041392415,알메로 커피 앤 브런치,세련,1
2041392415,알메로 커피 앤 브런치,묵직,1
2041392415,알메로 커피 앤 브런치,인스타,1
2041392415,알메로 커피 앤 브런치,단맛,1
2041392415,알메로 커피 앤 브런치,어린이,1
2041392415,알메로 커피 앤 브런치,포토존,1
2041392415,알메로 커피 앤 브런치,파이,1
2041392415,알메로 커피 앤 브런치,모임,1
2041392415,알메로 커피 앤 브런치,쌉싸름,1
2041392415,알메로 커피 앤 브런치,치즈,1
2041392415,알메로 커피 앤 브런치,치즈케이크,1
2041392415,알메로 커피 앤 브런치,에그타르트,1
2041392415,알메로 커피 앤 브런치,과일,1
2041392415,알메로 커피 앤 브런치,부모,1
1924742590,알바트로스,가족,2
1924742590,알바트로스,넓다,1
1924742590,알바트로스,레몬,1
1924742590,알바트로스,피자,1
1924742590,알바트로스,차분,1
f31f8c98087f,약산제빵소,넓다,9
f31f8c98087f,약산제빵소,베이글,9
f31f8c98087f,약산제빵소,아메리카노,8
f31f8c98087f,약산제빵소,케이크,8
f31f8c98087f,약산제빵소,달다,8
f31f8c98087f,약산제빵소,자리,8
f31f8c98087f,약산제빵소,가족,6
f31f8c98087f,약산제빵소,피자,6
f31f8c98087f,약산제빵소,편안,5
f31f8c98087f,약산제빵소,쿠키,5
f31f8c98087f,약산제빵소,식빵,5
f31f8c98087f,약산제빵소,소금,4
f31f8c98087f,약산제빵소,라떼,3
f31f8c98087f,약산제빵소,에이드,3
f31f8c98087f,약산제빵소,고소,3
f31f8c98087f,약산제빵소,견과,3
f31f8c98087f,약산제빵소,스콘,3
f31f8c98087f,약산제빵소,모임,2
f31f8c98087f,약산제빵소,바닐라,2
f31f8c98087f,약산제빵소,담백,2
f31f8c98087f,약산제빵소,따뜻,2
f31f8c98087f,약산제빵소,친구,2
f31f8c98087f,약산제빵소,아늑,2
f31f8c98087f,약산제빵소,깔끔,2
f31f8c98087f,약산제빵소,좌석,2
f31f8c98087f,약산제빵소,버터,2
f31f8c98087f,약산제빵소,테라스,1
f31f8c98087f,약산제빵소,딸기,1
f31f8c98087f,약산제빵소,공부,1
f31f8c98087f,약산제빵소,아이,1
f31f8c98087f,약산제빵소,달달하다,1
f31f8c98087f,약산제빵소,조용,1
f31f8c98087f,약산제빵소,카페라떼,1
f31f8c98087f,약산제빵소,촉촉,1
f31f8c98087f,약산제빵소,풍미,1
f31f8c98087f,약산제빵소,달콤,1
f31f8c98087f,약산제빵소,전통,1
f31f8c98087f,약산제빵소,마을,1
f31f8c98087f,약산제빵소,야외,1
f31f8c98087f,약산제빵소,쫄깃하다,1
f31f8c98087f,약산제빵소,넓직,1
f31f8c98087f,약산제빵소,와이파이,1
f31f8c98087f,약산제빵소,상큼,1
f31f8c98087f,약산제빵소,부모,1
f31f8c98087f,약산제빵소,강아지,1
f31f8c98087f,약산제빵소,데이트,1
f31f8c98087f,약산제빵소,초코,1
f31f8c98087f,약산제빵소,연인,1
f31f8c98087f,약산제빵소,쾌적,1
f31f8c98087f,약산제빵소,쫀득하다,1
20085142,엄지빈,팥빙수,81
20085142,엄지빈,빙수,50
20085142,엄지빈,달다,20
20085142,엄지빈,아메리카노,20
20085142,엄지빈,자리,11
20085142,엄지빈,단맛,8
20085142,엄지빈,가족,5
20085142,엄지빈,따뜻,5
20085142,엄지빈,깔끔,5
20085142,엄지빈,친구,5
20085142,엄지빈,감성,3
20085142,엄지빈,쫀득하다,3
20085142,엄지빈,달콤,3
20085142,엄지빈,초코,3
20085142,엄지빈,카라멜,3
20085142,엄지빈,고소,3
20085142,엄지빈,조용,2
20085142,엄지빈,에이드,2
20085142,엄지빈,콘센트,2
20085142,엄지빈,혼자,2
20085142,엄지빈,쫄깃,2
20085142,엄지빈,과일,2
20085142,엄지빈,담백,2
20085142,엄지빈,카페라떼,2
20085142,엄지빈,커플,2
20085142,엄지빈,와이파이,2
20085142,엄지빈,한옥,2
20085142,엄지빈,부모,2
20085142,엄지빈,노트북,1
20085142,엄지빈,인스타,1
20085142,엄지빈,모임,1
20085142,엄지빈,아이,1
20085142,엄지빈,달달하다,1
20085142,엄지빈,데이트,1
20085142,엄지빈,심플,1
20085142,엄지빈,쫄깃하다,1
20085142,엄지빈,편안,1
20085142,엄지빈,진하다,1
20085142,엄지빈,라떼,1
20085142,엄지빈,넓다,1
20085142,엄지빈,넉넉,1
1662347933,열두시오분,진하다,5
1662347933,열두시오분,아메리카노,4
1662347933,열두시오분,가족,3
1662347933,열두시오분,넓다,3
1662347933,열두시오분,라떼,3
1662347933,열두시오분,따뜻,3
1662347933,열두시오분,힐링,2
1662347933,열두시오분,깔끔,2
1662347933,열두시오분,조용,1
1662347933,열두시오분,안락,1
1662347933,열두시오분,에이드,1
1662347933,열두시오분,달달하다,1
2042463124,오성356,브런치,11
2042463124,오성356,피자,5
2042463124,오성356,아기,2
2042463124,오성356,깔끔,2
2042463124,오성356,좌석,2
2042463124,오성356,가족,2
2042463124,오성356,아메리카노,2
2042463124,오성356,달다,2
2042463124,오성356,아늑,1
2042463124,오성356,심플,1
2042463124,오성356,샐러드,1
2042463124,오성356,식빵,1
2042463124,오성356,토스트,1
2042463124,오성356,파스타,1
6059061a58a0,오코25,파스타,28
6059061a58a0,오코25,샐러드,12
6059061a58a0,오코25,데이트,11
6059061a58a0,오코25,넓다,10
6059061a58a0,오코25,자리,9
6059061a58a0,오코25,아메리카노,9
6059061a58a0,오코25,아이,8
6059061a58a0,오코25,브런치,7
6059061a58a0,오코25,가족,5
6059061a58a0,오코25,망고,4
6059061a58a0,오코25,야외,4
6059061a58a0,오코25,깔끔,3
6059061a58a0,오코25,아기,3
6059061a58a0,오코25,테라스,3
6059061a58a0,오코25,창가,3
6059061a58a0,오코25,고소,2
6059061a58a0,오코25,친구,2
6059061a58a0,오코25,마을,2
6059061a58a0,오코25,상큼,2
6059061a58a0,오코25,강아지,1
6059061a58a0,오코25,인스타그램,1
6059061a58a0,오코25,진하다,1
6059061a58a0,오코25,마당,1
6059061a58a0,오코25,에이드,1
6059061a58a0,오코25,풍미,1
6059061a58a0,오코25,수다,1
6059061a58a0,오코25,와이파이,1
6059061a58a0,오코25,편안,1
6059061a58a0,오코25,촉촉,1
6059061a58a0,오코25,연인,1
6059061a58a0,오코25,넉넉,1
1239561475,오펜스 파트2,라떼,7
1239561475,오펜스 파트2,아이스크림,5
1239561475,오펜스 파트2,애견,4
1239561475,오펜스 파트2,넓다,2
1239561475,오펜스 파트2,소금,2
1239561475,오펜스 파트2,타르트,2
1239561475,오펜스 파트2,혼자,1
1239561475,오펜스 파트2,자리,1
1239561475,오펜스 파트2,달콤,1
1239561475,오펜스 파트2,달달하다,1
1239561475,오펜스 파트2,강아지,1
315be0e29b69,원즈데이,쿠키,11
315be0e29b69,원즈데이,딸기,6
315be0e29b69,원즈데이,달달하다,3
315be0e29b69,원즈데이,상큼,3
315be0e29b69,원즈데이,망고,3
315be0e29b69,원즈데이,쫀득하다,2
315be0e29b69,원즈데이,힐링,1
315be0e29b69,원즈데이,새콤,1
315be0e29b69,원즈데이,단맛,1
315be0e29b69,원즈데이,깔끔,1
315be0e29b69,원즈데이,강아지,1
315be0e29b69,원즈데이,넓다,1
315be0e29b69,원즈데이,아이,1
fa14e7bffc0a,잠정리605,팥빙수,9
fa14e7bffc0a,잠정리605,빙수,8
fa14e7bffc0a,잠정리605,라떼,6
fa14e7bffc0a,잠정리605,마을,5
fa14e7bffc0a,잠정리605,넓다,5
fa14e7bffc0a,잠정리605,아이,5
fa14e7bffc0a,잠정리605,달콤,4
fa14e7bffc0a,잠정리605,인스타그램,4
fa14e7bffc0a,잠정리605,자리,3
fa14e7bffc0a,잠정리605,가족,3
fa14e7bffc0a,잠정리605,아늑,3
fa14e7bffc0a,잠정리605,한옥,2
fa14e7bffc0a,잠정리605,조용,2
fa14e7bffc0a,잠정리605,강아지,2
fa14e7bffc0a,잠정리605,바닐라,2
fa14e7bffc0a,잠정리605,친구,2
fa14e7bffc0a,잠정리605,달다,2
fa14e7bffc0a,잠정리605,세련,1
fa14e7bffc0a,잠정리605,한적,1
fa14e7bffc0a,잠정리605,테라스,1
fa14e7bffc0a,잠정리605,진하다,1
fa14e7bffc0a,잠정리605,아메리카노,1
fa14e7bffc0a,잠정리605,고소,1
fa14e7bffc0a,잠정리605,카페라떼,1
fa14e7bffc0a,잠정리605,딸기라떼,1
fa14e7bffc0a,잠정리605,달달하다,1
fa14e7bffc0a,잠정리605,쫄깃하다,1
fa14e7bffc0a,잠정리605,아이스크림,1
fa14e7bffc0a,잠정리605,에그타르트,1
fa14e7bffc0a,잠정리605,과일,1
fa14e7bffc0a,잠정리605,타르트,1
fa14e7bffc0a,잠정리605,따뜻,1
fa14e7bffc0a,잠정리605,연인,1
fa14e7bffc0a,잠정리605,좌석,1
fa14e7bffc0a,잠정리605,야외,1
fa14e7bffc0a,잠정리605,소금,1
fa14e7bffc0a,잠정리605,넉넉,1
fa14e7bffc0a,잠정리605,작업,1
88e14fe66041,카페 실크로드,친구,3
88e14fe66041,카페 실크로드,자리,2
88e14fe66041,카페 실크로드,샐러드,2
88e14fe66041,카페 실크로드,넉넉,1
88e14fe66041,카페 실크로드,과일,1
88e14fe66041,카페 실크로드,잔잔,1
88e14fe66041,카페 실크로드,힐링,1
88e14fe66041,카페 실크로드,모임,1
070238361601,카페게이트 화순안양산점,베이글,16
070238361601,카페게이트 화순안양산점,아메리카노,15
070238361601,카페게이트 화순안양산점,넓다,9
070238361601,카페게이트 화순안양산점,라떼,9
070238361601,카페게이트 화순안양산점,자리,8
070238361601,카페게이트 화순안양산점,샌드위치,7
070238361601,카페게이트 화순안양산점,와플,6
070238361601,카페게이트 화순안양산점,가족,5
070238361601,카페게이트 화순안양산점,힐링,5
070238361601,카페게이트 화순안양산점,달달하다,5
070238361601,카페게이트 화순안양산점,아기,4
070238361601,카페게이트 화순안양산점,레몬,4
070238361601,카페게이트 화순안양산점,브런치,3
070238361601,카페게이트 화순안양산점,아이,3
070238361601,카페게이트 화순안양산점,창가,3
070238361601,카페게이트 화순안양산점,바닐라빈,3
070238361601,카페게이트 화순안양산점,전망,2
070238361601,카페게이트 화순안양산점,야외,2
070238361601,카페게이트 화순안양산점,데이트,2
070238361601,카페게이트 화순안양산점,에이드,2
070238361601,카페게이트 화순안양산점,카라멜,2
070238361601,카페게이트 화순안양산점,달콤,2
070238361601,카페게이트 화순안양산점,채광,1
070238361601,카페게이트 화순안양산점,쾌적,1
070238361601,카페게이트 화순안양산점,깔끔,1
070238361601,카페게이트 화순안양산점,넉넉,1
070238361601,카페게이트 화순안양산점,편안,1
070238361601,카페게이트 화순안양산점,좌석,1
070238361601,카페게이트 화순안양산점,과일,1
070238361601,카페게이트 화순안양산점,부모,1
070238361601,카페게이트 화순안양산점,샐러드,1
070238361601,카페게이트 화순안양산점,망고,1
070238361601,카페게이트 화순안양산점,빙수,1
070238361601,카페게이트 화순안양산점,마을,1
070238361601,카페게이트 화순안양산점,혼자,1
070238361601,카페게이트 화순안양산점,초코,1
070238361601,카페게이트 화순안양산점,쿠키,1
070238361601,카페게이트 화순안양산점,바닐라,1
070238361601,카페게이트 화순안양산점,상큼,1
070238361601,카페게이트 화순안양산점,노트북,1
070238361601,카페게이트 화순안양산점,다크,1
44089b735356,카페달빛방앗간,테라스,14
44089b735356,카페달빛방앗간,가족,14
44089b735356,카페달빛방앗간,아이,12
44089b735356,카페달빛방앗간,아메리카노,11
44089b735356,카페달빛방앗간,넓다,11
44089b735356,카페달빛방앗간,좌석,9
44089b735356,카페달빛방앗간,편안,8
44089b735356,카페달빛방앗간,깔끔,7
44089b735356,카페달빛방앗간,빙수,6
44089b735356,카페달빛방앗간,딸기,6
44089b735356,카페달빛방앗간,감성,5
44089b735356,카페달빛방앗간,힐링,5
44089b735356,카페달빛방앗간,달다,5
44089b735356,카페달빛방앗간,야외,5
44089b735356,카페달빛방앗간,샌드위치,4
44089b735356,카페달빛방앗간,레몬,4
44089b735356,카페달빛방앗간,에이드,4
44089b735356,카페달빛방앗간,라떼,4
44089b735356,카페달빛방앗간,과일,4
44089b735356,카페달빛방앗간,달콤,4
44089b735356,카페달빛방앗간,한적,3
44089b735356,카페달빛방앗간,모임,3
44089b735356,카페달빛방앗간,친구,3
44089b735356,카페달빛방앗간,쫄깃하다,3
44089b735356,카페달빛방앗간,따뜻,3
44089b735356,카페달빛방앗간,채광,3
44089b735356,카페달빛방앗간,진하다,3
44089b735356,카페달빛방앗간,풍미,3
44089b735356,카페달빛방앗간,달달하다,3
44089b735356,카페달빛방앗간,부모,2
44089b735356,카페달빛방앗간,연인,2
44089b735356,카페달빛방앗간,고소,2
44089b735356,카페달빛방앗간,견과,2
44089b735356,카페달빛방앗간,넉넉,2
44089b735356,카페달빛방앗간,아늑,2
44089b735356,카페달빛방앗간,포토존,2
44089b735356,카페달빛방앗간,초코,2
44089b735356,카페달빛방앗간,담백,2
44089b735356,카페달빛방앗간,아이스크림,2
44089b735356,카페달빛방앗간,버터,2
44089b735356,카페달빛방앗간,바닐라,1
44089b735356,카페달빛방앗간,와이파이,1
44089b735356,카페달빛방앗간,강아지,1
44089b735356,카페달빛방앗간,포근,1
44089b735356,카페달빛방앗간,창가,1
44089b735356,카페달빛방앗간,자리,1
44089b735356,카페달빛방앗간,상큼,1
44089b735356,카페달빛방앗간,촉촉,1
44089b735356,카페달빛방앗간,조용,1
44089b735356,카페달빛방앗간,커플,1
44089b735356,카페달빛방앗간,수다,1
44089b735356,카페달빛방앗간,차분,1
44089b735356,카페달빛방앗간,소금,1
44089b735356,카페달빛방앗간,케이크,1
44089b735356,카페달빛방앗간,데이트,1
44089b735356,카페달빛방앗간,전통,1
44089b735356,카페달빛방앗간,혼자,1
44089b735356,카페달빛방앗간,쾌적,1
44089b735356,카페달빛방앗간,단맛,1
44089b735356,카페달빛방앗간,산뜻,1
710dc22cd5d7,카페오메,라떼,7
710dc22cd5d7,카페오메,아메리카노,6
710dc22cd5d7,카페오메,자리,4
710dc22cd5d7,카페오메,깔끔,4
710dc22cd5d7,카페오메,조용,4
710dc22cd5d7,카페오메,아늑,3
710dc22cd5d7,카페오메,아이,2
710dc22cd5d7,카페오메,가족,2
710dc22cd5d7,카페오메,초코,2
710dc22cd5d7,카페오메,에이드,1
710dc22cd5d7,카페오메,쿠키,1
710dc22cd5d7,카페오메,견과,1
710dc22cd5d7,카페오메,단맛,1
710dc22cd5d7,카페오메,수다,1
710dc22cd5d7,카페오메,고소,1
710dc22cd5d7,카페오메,모임,1
710dc22cd5d7,카페오메,감성,1
710dc22cd5d7,카페오메,와이파이,1
efd9353beb29,카페자비화,깔끔,4
efd9353beb29,카페자비화,자리,1
efd9353beb29,카페자비화,넓다,1
efd9353beb29,카페자비화,따뜻,1
efd9353beb29,카페자비화,쾌적,1
ed584416cc21,카페포엠,라떼,19
ed584416cc21,카페포엠,넓다,19
ed584416cc21,카페포엠,자리,11
ed584416cc21,카페포엠,카라멜,10
ed584416cc21,카페포엠,과일,9
ed584416cc21,카페포엠,테라스,8
ed584416cc21,카페포엠,가족,7
ed584416cc21,카페포엠,아기,6
ed584416cc21,카페포엠,아메리카노,5
ed584416cc21,카페포엠,따뜻하다,5
ed584416cc21,카페포엠,부모,5
ed584416cc21,카페포엠,힐링,4
ed584416cc21,카페포엠,타르트,4
ed584416cc21,카페포엠,달달하다,4
ed584416cc21,카페포엠,에이드,4
ed584416cc21,카페포엠,초코,4
ed584416cc21,카페포엠,모임,4
ed584416cc21,카페포엠,쾌적,4
ed584416cc21,카페포엠,깔끔,3
ed584416cc21,카페포엠,젤라또,3
ed584416cc21,카페포엠,야외,3
ed584416cc21,카페포엠,좌석,3
ed584416cc21,카페포엠,친구,3
ed584416cc21,카페포엠,혼자,3
ed584416cc21,카페포엠,딸기,3
ed584416cc21,카페포엠,따뜻,2
ed584416cc21,카페포엠,전망,2
ed584416cc21,카페포엠,포토존,2
ed584416cc21,카페포엠,단맛,2
ed584416cc21,카페포엠,달콤,2
ed584416cc21,카페포엠,창가,2
ed584416cc21,카페포엠,아이,2
ed584416cc21,카페포엠,편안,2
ed584416cc21,카페포엠,진하다,2
ed584416cc21,카페포엠,소금,2
ed584416cc21,카페포엠,감성,1
ed584416cc21,카페포엠,상큼,1
ed584416cc21,카페포엠,데이트,1
ed584416cc21,카페포엠,강아지,1
ed584416cc21,카페포엠,애견,1
ed584416cc21,카페포엠,커플,1
ed584416cc21,카페포엠,베이글,1
ed584416cc21,카페포엠,넉넉,1
ed584416cc21,카페포엠,에스프레소,1
ed584416cc21,카페포엠,짭짤,1
ed584416cc21,카페포엠,고소,1
ed584416cc21,카페포엠,말차,1
ed584416cc21,카페포엠,달다,1
5b50366f17c2,커피다크빈스,넓다,15
5b50366f17c2,커피다크빈스,데이트,8
5b50366f17c2,커피다크빈스,아메리카노,6
5b50366f17c2,커피다크빈스,카페라떼,6
5b50366f17c2,커피다크빈스,아이스크림,4
5b50366f17c2,커피다크빈스,따뜻,4
5b50366f17c2,커피다크빈스,다크,3
5b50366f17c2,커피다크빈스,자리,3
5b50366f17c2,커피다크빈스,모임,3
5b50366f17c2,커피다크빈스,창가,2
5b50366f17c2,커피다크빈스,아늑,2
5b50366f17c2,커피다크빈스,라떼,2
5b50366f17c2,커피다크빈스,진하다,2
5b50366f17c2,커피다크빈스,포토존,2
5b50366f17c2,커피다크빈스,묵직,1
5b50366f17c2,커피다크빈스,고소,1
5b50366f17c2,커피다크빈스,모던,1
5b50366f17c2,커피다크빈스,따뜻하다,1
5b50366f17c2,커피다크빈스,무드,1
5b50366f17c2,커피다크빈스,편안,1
5b50366f17c2,커피다크빈스,달콤,1
5b50366f17c2,커피다크빈스,단맛,1
5b50366f17c2,커피다크빈스,테라스,1
5b50366f17c2,커피다크빈스,좌석,1
5b50366f17c2,커피다크빈스,부모,1
5b50366f17c2,커피다크빈스,가족,1
5b50366f17c2,커피다크빈스,혼자,1
5b50366f17c2,커피다크빈스,세련,1
5b50366f17c2,커피다크빈스,안락,1
1791632292,투썸플레이스 화순도곡점,아이,5
1791632292,투썸플레이스 화순도곡점,넓다,4
1791632292,투썸플레이스 화순도곡점,테라스,3
1791632292,투썸플레이스 화순도곡점,자리,2
1791632292,투썸플레이스 화순도곡점,케이크,2
1791632292,투썸플레이스 화순도곡점,아메리카노,1
1791632292,투썸플레이스 화순도곡점,좌석,1
1791632292,투썸플레이스 화순도곡점,아기,1
1757882013,투썸플레이스 화순동구리호수공원점,케이크,18
1757882013,투썸플레이스 화순동구리호수공원점,아메리카노,12
1757882013,투썸플레이스 화순동구리호수공원점,가족,10
1757882013,투썸플레이스 화순동구리호수공원점,좌석,10
1757882013,투썸플레이스 화순동구리호수공원점,넓다,10
1757882013,투썸플레이스 화순동구리호수공원점,딸기,9
1757882013,투썸플레이스 화순동구리호수공원점,콜드브루,9
1757882013,투썸플레이스 화순동구리호수공원점,망고,8
1757882013,투썸플레이스 화순동구리호수공원점,깔끔,7
1757882013,투썸플레이스 화순동구리호수공원점,라떼,6
1757882013,투썸플레이스 화순동구리호수공원점,마을,6
1757882013,투썸플레이스 화순동구리호수공원점,힐링,6
1757882013,투썸플레이스 화순동구리호수공원점,부모,5
1757882013,투썸플레이스 화순동구리호수공원점,자리,5
1757882013,투썸플레이스 화순동구리호수공원점,에이드,5
1757882013,투썸플레이스 화순동구리호수공원점,아기,4
1757882013,투썸플레이스 화순동구리호수공원점,아이스크림,4
1757882013,투썸플레이스 화순동구리호수공원점,초코,4
1757882013,투썸플레이스 화순동구리호수공원점,쾌적,4
1757882013,투썸플레이스 화순동구리호수공원점,따뜻,3
1757882013,투썸플레이스 화순동구리호수공원점,친구,3
1757882013,투썸플레이스 화순동구리호수공원점,연인,3
1757882013,투썸플레이스 화순동구리호수공원점,햇살,3
1757882013,투썸플레이스 화순동구리호수공원점,혼자,3
1757882013,투썸플레이스 화순동구리호수공원점,진하다,3
1757882013,투썸플레이스 화순동구리호수공원점,촉촉,3
1757882013,투썸플레이스 화순동구리호수공원점,아이,3
1757882013,투썸플레이스 화순동구리호수공원점,조용,2
1757882013,투썸플레이스 화순동구리호수공원점,베이글,2
1757882013,투썸플레이스 화순동구리호수공원점,카페라떼,2
1757882013,투썸플레이스 화순동구리호수공원점,모임,2
1757882013,투썸플레이스 화순동구리호수공원점,테라스,2
1757882013,투썸플레이스 화순동구리호수공원점,노트북,2
1757882013,투썸플레이스 화순동구리호수공원점,달달하다,2
1757882013,투썸플레이스 화순동구리호수공원점,넉넉,2
1757882013,투썸플레이스 화순동구리호수공원점,야외,2
1757882013,투썸플레이스 화순동구리호수공원점,상큼,2
1757882013,투썸플레이스 화순동구리호수공원점,티라미수,2
1757882013,투썸플레이스 화순동구리호수공원점,달콤,2
1757882013,투썸플레이스 화순동구리호수공원점,공부,1
1757882013,투썸플레이스 화순동구리호수공원점,한적,1
1757882013,투썸플레이스 화순동구리호수공원점,샌드위치,1
1757882013,투썸플레이스 화순동구리호수공원점,샐러드,1
1757882013,투썸플레이스 화순동구리호수공원점,소금,1
1757882013,투썸플레이스 화순동구리호수공원점,작업,1
1757882013,투썸플레이스 화순동구리호수공원점,쿠키,1
1757882013,투썸플레이스 화순동구리호수공원점,아늑,1
1757882013,투썸플레이스 화순동구리호수공원점,쌉싸름,1
1757882013,투썸플레이스 화순동구리호수공원점,편안,1
1757882013,투썸플레이스 화순동구리호수공원점,전망,1
1757882013,투썸플레이스 화순동구리호수공원점,창가,1
1757882013,투썸플레이스 화순동구리호수공원점,쓴맛,1
1757882013,투썸플레이스 화순동구리호수공원점,풍미,1
1757882013,투썸플레이스 화순동구리호수공원점,달다,1
1757882013,투썸플레이스 화순동구리호수공원점,담백,1
1757882013,투썸플레이스 화순동구리호수공원점,폭신,1
1757882013,투썸플레이스 화순동구리호수공원점,팥빙수,1
1757882013,투썸플레이스 화순동구리호수공원점,과일,1
1757882013,투썸플레이스 화순동구리호수공원점,바닐라,1
1757882013,투썸플레이스 화순동구리호수공원점,묵직,1
1087591192,파인40,아이,41
1087591192,파인40,넓다,30
1087591192,파인40,아기,14
1087591192,파인40,아이스크림,14
1087591192,파인40,야외,13
1087591192,파인40,가족,11
1087591192,파인40,어린이,9
1087591192,파인40,자리,8
1087591192,파인40,라떼,8
1087591192,파인40,식빵,8
1087591192,파인40,아메리카노,7
1087591192,파인40,친구,6
1087591192,파인40,애견,6
1087591192,파인40,깔끔,5
1087591192,파인40,따뜻,5
1087591192,파인40,힐링,5
1087591192,파인40,소금,5
1087591192,파인40,키즈,4
1087591192,파인40,넉넉,4
1087591192,파인40,쿠키,4
1087591192,파인40,에이드,3
1087591192,파인40,과일,3
1087591192,파인40,좌석,3
1087591192,파인40,감성,3
1087591192,파인40,애플파이,3
1087591192,파인40,달다,3
1087591192,파인40,진하다,3
1087591192,파인40,딸기,3
1087591192,파인40,초코,3
1087591192,파인40,어린이집,3
1087591192,파인40,마당,2
1087591192,파인40,촉촉,2
1087591192,파인40,풍미,2
1087591192,파인40,달콤,2
1087591192,파인40,조용,2
1087591192,파인40,파이,2
1087591192,파인40,부모,2
1087591192,파인40,아늑,2
1087591192,파인40,창가,1
1087591192,파인40,와이파이,1
1087591192,파인40,고소,1
1087591192,파인40,한적,1
1087591192,파인40,미니멀,1
1087591192,파인40,유모차,1
1087591192,파인40,테라스,1
1087591192,파인40,쫄깃하다,1
1087591192,파인40,에스프레소,1
1087591192,파인40,단맛,1
1087591192,파인40,콘센트,1
1087591192,파인40,공부,1
1087591192,파인40,햇살,1
1087591192,파인40,편안,1
1087591192,파인40,쾌적,1
1087591192,파인40,레몬,1
1087591192,파인40,담백,1
1087591192,파인40,차분,1
1806883303,포레스트96,브런치,16
1806883303,포레스트96,야외,10
1806883303,포레스트96,자리,9
1806883303,포레스트96,힐링,6
1806883303,포레스트96,아메리카노,5
1806883303,포레스트96,감성,5
1806883303,포레스트96,토스트,4
1806883303,포레스트96,샐러드,4
1806883303,포레스트96,바닐라,4
1806883303,포레스트96,테라스,3
1806883303,포레스트96,포토존,3
1806883303,포레스트96,아기,3
1806883303,포레스트96,가족,2
1806883303,포레스트96,편안,2
1806883303,포레스트96,조용,2
1806883303,포레스트96,팥빙수,2
1806883303,포레스트96,따뜻,2
1806883303,포레스트96,한적,2
1806883303,포레스트96,깔끔,2
1806883303,포레스트96,넓다,2
1806883303,포레스트96,인스타그램,1
1806883303,포레스트96,쿠키,1
1806883303,포레스트96,케이크,1
1806883303,포레스트96,달콤,1
1806883303,포레스트96,쫄깃하다,1
1806883303,포레스트96,세련,1
1806883303,포레스트96,레몬,1
1806883303,포레스트96,달다,1
1806883303,포레스트96,상큼,1
1806883303,포레스트96,좌석,1
1806883303,포레스트96,망고,1
1806883303,포레스트96,피자,1
1806883303,포레스트96,모임,1
1806883303,포레스트96,친구,1
1806883303,포레스트96,공부,1
1806883303,포레스트96,아이,1
1806883303,포레스트96,혼자,1
1806883303,포레스트96,유모차,1
1806883303,포레스트96,빙수,1
35324979,효산리정원,자리,21
35324979,효산리정원,한옥,16
35324979,효산리정원,넓다,10
35324979,효산리정원,딸기,10
35324979,효산리정원,에이드,9
35324979,효산리정원,마당,7
35324979,효산리정원,과일,7
35324979,효산리정원,따뜻,7
35324979,효산리정원,밀크,6
35324979,효산리정원,밀크티,6
35324979,효산리정원,아기,6
35324979,효산리정원,친구,5
35324979,효산리정원,편안,5
35324979,효산리정원,감성,5
35324979,효산리정원,야외,4
35324979,효산리정원,깔끔,3
35324979,효산리정원,좌석,3
35324979,효산리정원,아늑,2
35324979,효산리정원,힐링,2
35324979,효산리정원,진하다,2
35324979,효산리정원,라떼,2
35324979,효산리정원,한적,2
35324979,효산리정원,전통,1
35324979,효산리정원,상큼,1
35324979,효산리정원,조용,1
35324979,효산리정원,가족,1
35324979,효산리정원,연인,1
35324979,효산리정원,달달하다,1
35324979,효산리정원,단맛,1
35324979,효산리정원,풍미,1
35324979,효산리정원,차분,1
35324979,효산리정원,포근,1
35324979,효산리정원,빈티지,1
35324979,효산리정원,아메리카노,1
35324979,효산리정원,에스프레소,1
35324979,효산리정원,햇살,1
