region,source_file,name,theme,dessert,purpose,mood,must
담양,damyang_dessert_cafes_blog_links,1003디저트카페,대형카페|뷰맛집|포토존/인스타|테라스/야외|모던/깔끔|정원/가든,브런치/샌드위치|베이커리/빵|쿠키/구움과자|아이스크림/젤라또,브런치/식사|가족/키즈|드라이브/산책|데이트,조용함|쾌적함|아늑함|힐링,시그니처/대표메뉴|주차가능|키즈/유모차|테이크아웃
담양,damyang_dessert_cafes_blog_links,구름모자,한옥/전통|뷰맛집|모던/깔끔|포토존/인스타|정원/가든,아이스크림/젤라또,드라이브/산책|데이트|가족/키즈|브런치/식사,아늑함|조용함|쾌적함|힐링,주차가능|시그니처/대표메뉴
담양,damyang_dessert_cafes_blog_links,까망감,포토존/인스타|뷰맛집|테라스/야외|정원/가든|모던/깔끔|빈티지/레트로,베이커리/빵|케이크|아이스크림/젤라또|쿠키/구움과자,반려견동반|드라이브/산책|가족/키즈|모임/단체,아늑함|조용함|쾌적함|힐링,반려견동반|주차가능|시그니처/대표메뉴|예약/단체
담양,damyang_dessert_cafes_blog_links,달순,빈티지/레트로|뷰맛집|포토존/인스타|정원/가든,쿠키/구움과자|초콜릿/디저트특화|베이커리/빵,가족/키즈,아늑함,키즈/유모차
담양,damyang_dessert_cafes_blog_links,담다,대형카페|포토존/인스타|한옥/전통|정원/가든|루프탑|테라스/야외,베이커리/빵|케이크|쿠키/구움과자|초콜릿/디저트특화|브런치/샌드위치,드라이브/산책|모임/단체|가족/키즈|데이트,쾌적함|힐링|아늑함|조용함,주차가능|시그니처/대표메뉴|예약/단체|테이크아웃
담양,damyang_dessert_cafes_blog_links,담만장,테라스/야외|정원/가든|뷰맛집|포토존/인스타,,드라이브/산책|가족/키즈|반려견동반|모임/단체,조용함|힐링,키즈/유모차|반려견동반|주차가능|예약/단체
담양,damyang_dessert_cafes_blog_links,담순로153,대형카페|뷰맛집|포토존/인스타|테라스/야외|정원/가든|모던/깔끔,베이커리/빵|케이크|브런치/샌드위치|쿠키/구움과자|초콜릿/디저트특화|아이스크림/젤라또,가족/키즈|반려견동반|브런치/식사|데이트,쾌적함|아늑함|조용함|힐링,주차가능|키즈/유모차|반려견동반|시그니처/대표메뉴
담양,damyang_dessert_cafes_blog_links,담양 리사 카페,대형카페|뷰맛집|포토존/인스타|테라스/야외|정원/가든|모던/깔끔,베이커리/빵|케이크|마카롱,데이트|가족/키즈|드라이브/산책|모임/단체,힐링|아늑함|조용함|쾌적함,주차가능|시그니처/대표메뉴|예약/단체|키즈/유모차
담양,damyang_dessert_cafes_blog_links,담양밤부리,포토존/인스타|정원/가든|대형카페|테라스/야외|모던/깔끔|뷰맛집,브런치/샌드위치|베이커리/빵|초콜릿/디저트특화,브런치/식사|가족/키즈|모임/단체|드라이브/산책,조용함|힐링|쾌적함|아늑함,주차가능|시그니처/대표메뉴|예약/단체|키즈/유모차
담양,damyang_dessert_cafes_blog_links,담월,빈티지/레트로|포토존/인스타|테라스/야외,,가족/키즈,조용함|아늑함,키즈/유모차
담양,damyang_dessert_cafes_blog_links,담화,대형카페|포토존/인스타|모던/깔끔|정원/가든|뷰맛집|테라스/야외,브런치/샌드위치|베이커리/빵|케이크|쿠키/구움과자|초콜릿/디저트특화,브런치/식사|가족/키즈|드라이브/산책|데이트,쾌적함|힐링|조용함|아늑함,주차가능|시그니처/대표메뉴|키즈/유모차|테이크아웃
담양,damyang_dessert_cafes_blog_links,대담,대형카페|정원/가든|뷰맛집|루프탑|포토존/인스타|테라스/야외,케이크|쿠키/구움과자|브런치/샌드위치|초콜릿/디저트특화|베이커리/빵,드라이브/산책|모임/단체|가족/키즈|데이트,힐링|조용함|아늑함,시그니처/대표메뉴|주차가능|예약/단체
담양,damyang_dessert_cafes_blog_links,돌담,한옥/전통|포토존/인스타|정원/가든|빈티지/레트로|뷰맛집|테라스/야외,케이크|베이커리/빵,가족/키즈|드라이브/산책|모임/단체|데이트,조용함|아늑함|힐링|쾌적함,주차가능|시그니처/대표메뉴|키즈/유모차|테이크아웃
담양,damyang_dessert_cafes_blog_links,라라브레드 담양점,대형카페|뷰맛집|정원/가든|모던/깔끔|포토존/인스타|테라스/야외,베이커리/빵|브런치/샌드위치|쿠키/구움과자|빙수|케이크|초콜릿/디저트특화,브런치/식사|드라이브/산책|가족/키즈|데이트,쾌적함|힐링|조용함|아늑함,주차가능|시그니처/대표메뉴|테이크아웃|예약/단체
담양,damyang_dessert_cafes_blog_links,리원베이커리&카페,대형카페|루프탑|뷰맛집|포토존/인스타|모던/깔끔|정원/가든,베이커리/빵|브런치/샌드위치|케이크|쿠키/구움과자|초콜릿/디저트특화,드라이브/산책|브런치/식사|가족/키즈|모임/단체,쾌적함|힐링|조용함|아늑함,주차가능|시그니처/대표메뉴|테이크아웃|예약/단체
담양,damyang_dessert_cafes_blog_links,머무른하우스,포토존/인스타|뷰맛집|테라스/야외|정원/가든|대형카페|한옥/전통,쿠키/구움과자|베이커리/빵|브런치/샌드위치|케이크|초콜릿/디저트특화|아이스크림/젤라또,드라이브/산책|모임/단체|브런치/식사|데이트,조용함|아늑함|힐링,예약/단체|주차가능|시그니처/대표메뉴|테이크아웃
담양,damyang_dessert_cafes_blog_links,멍포레,대형카페|정원/가든|포토존/인스타|테라스/야외|모던/깔끔,아이스크림/젤라또|케이크|베이커리/빵|쿠키/구움과자,반려견동반|드라이브/산책|가족/키즈|데이트,조용함|쾌적함|힐링|아늑함,반려견동반|주차가능|시그니처/대표메뉴|예약/단체
담양,damyang_dessert_cafes_blog_links,명가은,한옥/전통|정원/가든|테라스/야외|빈티지/레트로|포토존/인스타|모던/깔끔,빙수|아이스크림/젤라또|초콜릿/디저트특화|베이커리/빵,드라이브/산책|가족/키즈|반려견동반|데이트,조용함|아늑함|힐링|쾌적함,주차가능|시그니처/대표메뉴|반려견동반|예약/단체
담양,damyang_dessert_cafes_blog_links,미각&담양양갱,정원/가든|테라스/야외|포토존/인스타|뷰맛집|한옥/전통|대형카페,케이크|초콜릿/디저트특화|쿠키/구움과자|브런치/샌드위치,가족/키즈|모임/단체|데이트|드라이브/산책,조용함|아늑함|힐링|쾌적함,시그니처/대표메뉴|주차가능|키즈/유모차|예약/단체
담양,damyang_dessert_cafes_blog_links,밀크레페,포토존/인스타|정원/가든|테라스/야외|모던/깔끔|뷰맛집|한옥/전통,크레페/와플|아이스크림/젤라또|케이크|베이커리/빵|쿠키/구움과자|초콜릿/디저트특화,반려견동반|드라이브/산책|데이트|가족/키즈,조용함|힐링|아늑함|쾌적함,반려견동반|주차가능|시그니처/대표메뉴|키즈/유모차
담양,damyang_dessert_cafes_blog_links,복더빵,뷰맛집|포토존/인스타|정원/가든|모던/깔끔|테라스/야외,베이커리/빵|쿠키/구움과자|초콜릿/디저트특화|케이크|브런치/샌드위치,가족/키즈|드라이브/산책|브런치/식사|모임/단체,아늑함|쾌적함|조용함|힐링,주차가능|시그니처/대표메뉴|테이크아웃|키즈/유모차
담양,damyang_dessert_cafes_blog_links,생츄어리 담양점,대형카페|테라스/야외|포토존/인스타|정원/가든,베이커리/빵,데이트|브런치/식사,,주차가능
담양,damyang_dessert_cafes_blog_links,센티드 커피로스터스,포토존/인스타|빈티지/레트로|모던/깔끔|대형카페|뷰맛집,케이크|쿠키/구움과자|아이스크림/젤라또|초콜릿/디저트특화|베이커리/빵,드라이브/산책|반려견동반|공부/작업|모임/단체,조용함|아늑함,주차가능|시그니처/대표메뉴|반려견동반|테이크아웃
담양,damyang_dessert_cafes_blog_links,소예르,포토존/인스타|테라스/야외|빈티지/레트로|정원/가든|대형카페|뷰맛집,케이크|마카롱|쿠키/구움과자|초콜릿/디저트특화|크레페/와플|베이커리/빵,가족/키즈|드라이브/산책|데이트|모임/단체,힐링|조용함|아늑함|쾌적함,주차가능|시그니처/대표메뉴|키즈/유모차|반려견동반
담양,damyang_dessert_cafes_blog_links,스댕,포토존/인스타|빈티지/레트로|모던/깔끔|뷰맛집|정원/가든,베이커리/빵|쿠키/구움과자|초콜릿/디저트특화,반려견동반|드라이브/산책|가족/키즈,조용함|힐링|아늑함,반려견동반|주차가능|시그니처/대표메뉴|테이크아웃
담양,damyang_dessert_cafes_blog_links,스포트라이트커피,포토존/인스타|테라스/야외,케이크|쿠키/구움과자|베이커리/빵|초콜릿/디저트특화,데이트|드라이브/산책|반려견동반|공부/작업,아늑함|조용함|힐링,시그니처/대표메뉴|주차가능|반려견동반|예약/단체
담양,damyang_dessert_cafes_blog_links,슬담,한옥/전통|빈티지/레트로|포토존/인스타|뷰맛집|정원/가든|테라스/야외,아이스크림/젤라또|쿠키/구움과자|크레페/와플|초콜릿/디저트특화|케이크,드라이브/산책|가족/키즈|모임/단체|반려견동반,조용함|아늑함|힐링|쾌적함,주차가능|시그니처/대표메뉴|예약/단체|반려견동반
담양,damyang_dessert_cafes_blog_links,아리에뜰,뷰맛집|대형카페|정원/가든|테라스/야외|포토존/인스타|모던/깔끔,빙수|브런치/샌드위치|쿠키/구움과자|아이스크림/젤라또|케이크|베이커리/빵,드라이브/산책|가족/키즈|브런치/식사|모임/단체,조용함|힐링|쾌적함|아늑함,주차가능|시그니처/대표메뉴|예약/단체|테이크아웃
담양,damyang_dessert_cafes_blog_links,아우터베이크하우스 담양점,포토존/인스타|대형카페|빈티지/레트로|뷰맛집|정원/가든|모던/깔끔,베이커리/빵|케이크|쿠키/구움과자|초콜릿/디저트특화|브런치/샌드위치,가족/키즈|드라이브/산책|데이트|브런치/식사,아늑함|힐링|조용함|쾌적함,시그니처/대표메뉴|주차가능|키즈/유모차|테이크아웃
담양,damyang_dessert_cafes_blog_links,앰퍼샌드,테라스/야외|대형카페|포토존/인스타|뷰맛집|모던/깔끔|정원/가든,브런치/샌드위치|베이커리/빵|케이크|쿠키/구움과자|아이스크림/젤라또|초콜릿/디저트특화,모임/단체|드라이브/산책|가족/키즈|데이트,조용함|아늑함|쾌적함|힐링,주차가능|예약/단체|시그니처/대표메뉴|키즈/유모차
담양,damyang_dessert_cafes_blog_links,양각리키친,포토존/인스타|뷰맛집|모던/깔끔|한옥/전통|빈티지/레트로,브런치/샌드위치|케이크|베이커리/빵|쿠키/구움과자|초콜릿/디저트특화,브런치/식사|가족/키즈|모임/단체|드라이브/산책,조용함|아늑함|힐링|쾌적함,주차가능|시그니처/대표메뉴|예약/단체|테이크아웃
담양,damyang_dessert_cafes_blog_links,오팔,정원/가든|대형카페|테라스/야외|포토존/인스타|빈티지/레트로|뷰맛집,쿠키/구움과자|초콜릿/디저트특화|빙수|베이커리/빵,데이트|드라이브/산책|모임/단체|공부/작업,조용함|쾌적함|아늑함|힐링,주차가능|콘센트/와이파이|예약/단체|시그니처/대표메뉴
담양,damyang_dessert_cafes_blog_links,오프더커프,대형카페|정원/가든|뷰맛집|테라스/야외|포토존/인스타|모던/깔끔,베이커리/빵|초콜릿/디저트특화|아이스크림/젤라또|케이크|쿠키/구움과자,가족/키즈|드라이브/산책|모임/단체|반려견동반,조용함|힐링|아늑함|쾌적함,키즈/유모차|시그니처/대표메뉴|주차가능|예약/단체
담양,damyang_dessert_cafes_blog_links,옥담,대형카페|포토존/인스타|뷰맛집|테라스/야외|정원/가든|모던/깔끔,빙수|케이크|크레페/와플,모임/단체|가족/키즈|드라이브/산책|데이트,조용함|쾌적함|아늑함|힐링,주차가능|예약/단체|시그니처/대표메뉴|키즈/유모차
담양,damyang_dessert_cafes_blog_links,우아한마카롱,한옥/전통|정원/가든|루프탑|빈티지/레트로|포토존/인스타|뷰맛집,마카롱|쿠키/구움과자|케이크,,아늑함|조용함,테이크아웃|시그니처/대표메뉴|주차가능
담양,damyang_dessert_cafes_blog_links,츄카츄카,뷰맛집|포토존/인스타|정원/가든,마카롱|아이스크림/젤라또|쿠키/구움과자|초콜릿/디저트특화|베이커리/빵,데이트|드라이브/산책,활기/캐주얼|힐링|조용함,시그니처/대표메뉴|주차가능|테이크아웃
담양,damyang_dessert_cafes_blog_links,카페 매화나무집,한옥/전통|정원/가든|뷰맛집|포토존/인스타|빈티지/레트로,,드라이브/산책|가족/키즈|모임/단체,힐링|조용함|아늑함,주차가능|시그니처/대표메뉴|예약/단체|키즈/유모차
담양,damyang_dessert_cafes_blog_links,카페 알에디션,대형카페|테라스/야외|포토존/인스타|정원/가든|뷰맛집|모던/깔끔,브런치/샌드위치|베이커리/빵|케이크|초콜릿/디저트특화|아이스크림/젤라또,가족/키즈|브런치/식사|드라이브/산책|반려견동반,조용함|쾌적함|힐링|아늑함,키즈/유모차|주차가능|시그니처/대표메뉴|반려견동반
담양,damyang_dessert_cafes_blog_links,카페달달,포토존/인스타|뷰맛집,케이크|쿠키/구움과자,가족/키즈|모임/단체,,주차가능|예약/단체|시그니처/대표메뉴|키즈/유모차
담양,damyang_dessert_cafes_blog_links,카페드존아웃,포토존/인스타|뷰맛집|정원/가든|빈티지/레트로|모던/깔끔|한옥/전통,브런치/샌드위치|베이커리/빵|쿠키/구움과자,브런치/식사|모임/단체|가족/키즈|데이트,조용함|힐링|아늑함,주차가능|시그니처/대표메뉴|테이크아웃|예약/단체
담양,damyang_dessert_cafes_blog_links,카페림,뷰맛집|정원/가든|대형카페|포토존/인스타|모던/깔끔|빈티지/레트로,케이크|쿠키/구움과자|초콜릿/디저트특화,드라이브/산책|가족/키즈|브런치/식사|모임/단체,힐링|조용함|아늑함|활기/캐주얼,주차가능|시그니처/대표메뉴|예약/단체|키즈/유모차
담양,damyang_dessert_cafes_blog_links,카페밀,대형카페|포토존/인스타|테라스/야외|뷰맛집|빈티지/레트로|정원/가든,아이스크림/젤라또|베이커리/빵|케이크|크레페/와플|초콜릿/디저트특화|쿠키/구움과자,가족/키즈|드라이브/산책|모임/단체|브런치/식사,조용함|쾌적함|힐링|아늑함,주차가능|시그니처/대표메뉴|키즈/유모차|예약/단체
담양,damyang_dessert_cafes_blog_links,카페야그,한옥/전통|대형카페|뷰맛집|포토존/인스타|빈티지/레트로|모던/깔끔,케이크|쿠키/구움과자,드라이브/산책|모임/단체,아늑함|쾌적함|힐링|조용함,주차가능|시그니처/대표메뉴|예약/단체
담양,damyang_dessert_cafes_blog_links,카페온다,대형카페|루프탑|포토존/인스타|뷰맛집|빈티지/레트로|테라스/야외,아이스크림/젤라또|베이커리/빵|초콜릿/디저트특화|쿠키/구움과자|케이크|브런치/샌드위치,드라이브/산책|가족/키즈|모임/단체|공부/작업,쾌적함|아늑함|힐링|조용함,주차가능|시그니처/대표메뉴|콘센트/와이파이|테이크아웃
담양,damyang_dessert_cafes_blog_links,카페이장님댁,포토존/인스타|정원/가든|빈티지/레트로|테라스/야외|뷰맛집|대형카페,베이커리/빵|케이크,드라이브/산책|가족/키즈|데이트|모임/단체,쾌적함|아늑함|힐링|조용함,주차가능|시그니처/대표메뉴|예약/단체|반려견동반
담양,damyang_dessert_cafes_blog_links,카페인우,포토존/인스타|루프탑|뷰맛집|정원/가든|빈티지/레트로,케이크|쿠키/구움과자|베이커리/빵,반려견동반|가족/키즈|드라이브/산책|공부/작업,조용함|힐링|아늑함,주차가능|반려견동반|시그니처/대표메뉴|키즈/유모차
담양,damyang_dessert_cafes_blog_links,카페주평,포토존/인스타|정원/가든|대형카페|빈티지/레트로|모던/깔끔|뷰맛집,케이크|아이스크림/젤라또|브런치/샌드위치,가족/키즈|드라이브/산책|모임/단체|브런치/식사,조용함|힐링|아늑함,키즈/유모차|주차가능|시그니처/대표메뉴|예약/단체
담양,damyang_dessert_cafes_blog_links,카페하녹,한옥/전통|대형카페|정원/가든|테라스/야외|포토존/인스타|빈티지/레트로,크레페/와플|아이스크림/젤라또|빙수,반려견동반|드라이브/산책|가족/키즈|모임/단체,조용함|힐링|아늑함|쾌적함,주차가능|시그니처/대표메뉴|반려견동반|키즈/유모차
담양,damyang_dessert_cafes_blog_links,코튼드수플레,정원/가든|한옥/전통|포토존/인스타|뷰맛집|빈티지/레트로|대형카페,케이크|빙수|크레페/와플|아이스크림/젤라또|쿠키/구움과자|베이커리/빵,가족/키즈|드라이브/산책|모임/단체|반려견동반,조용함|쾌적함|아늑함|힐링,주차가능|시그니처/대표메뉴|예약/단체|테이크아웃
담양,damyang_dessert_cafes_blog_links,크렘파이샵,포토존/인스타|정원/가든|뷰맛집|모던/깔끔|빈티지/레트로,쿠키/구움과자|초콜릿/디저트특화|케이크|베이커리/빵|아이스크림/젤라또,드라이브/산책|가족/키즈|데이트|모임/단체,조용함|아늑함|힐링|쾌적함,테이크아웃|주차가능|시그니처/대표메뉴|예약/단체
담양,damyang_dessert_cafes_blog_links,크로엔젤 담양점,대형카페|정원/가든|뷰맛집|루프탑|테라스/야외|포토존/인스타,베이커리/빵|쿠키/구움과자|크레페/와플|케이크|초콜릿/디저트특화,드라이브/산책|데이트|가족/키즈|반려견동반,힐링|쾌적함|조용함|아늑함,주차가능|시그니처/대표메뉴|반려견동반|테이크아웃
담양,damyang_dessert_cafes_blog_links,트인달,뷰맛집|테라스/야외|포토존/인스타|한옥/전통|정원/가든|모던/깔끔,쿠키/구움과자|베이커리/빵|케이크,드라이브/산책|브런치/식사|모임/단체,아늑함|쾌적함|조용함|힐링,주차가능|시그니처/대표메뉴|예약/단체
담양,damyang_dessert_cafes_blog_links,퍼프슈,대형카페|포토존/인스타|뷰맛집|모던/깔끔|테라스/야외|빈티지/레트로,쿠키/구움과자|초콜릿/디저트특화|케이크|베이커리/빵,드라이브/산책|데이트|가족/키즈|모임/단체,조용함|힐링|아늑함|쾌적함,시그니처/대표메뉴|주차가능|테이크아웃|예약/단체
담양,damyang_dessert_cafes_blog_links,프랭크커핀바 담양점,포토존/인스타|테라스/야외|빈티지/레트로|뷰맛집|모던/깔끔|정원/가든,베이커리/빵|크레페/와플|쿠키/구움과자|초콜릿/디저트특화|아이스크림/젤라또|케이크,드라이브/산책|데이트|반려견동반|모임/단체,조용함|힐링|아늑함|쾌적함,주차가능|시그니처/대표메뉴|테이크아웃|예약/단체
담양,damyang_dessert_cafes_blog_links,프룩커피,포토존/인스타|뷰맛집|테라스/야외|대형카페|모던/깔끔|빈티지/레트로,쿠키/구움과자|베이커리/빵|아이스크림/젤라또|케이크,가족/키즈|드라이브/산책|반려견동반|데이트,힐링|아늑함|조용함|활기/캐주얼,시그니처/대표메뉴|주차가능|반려견동반|콘센트/와이파이
담양,damyang_dessert_cafes_blog_links,하루키의서재,포토존/인스타|대형카페|정원/가든|뷰맛집|모던/깔끔,크레페/와플|케이크|브런치/샌드위치|쿠키/구움과자,드라이브/산책|브런치/식사|공부/작업|가족/키즈,조용함|쾌적함|아늑함,주차가능|콘센트/와이파이|시그니처/대표메뉴|예약/단체
광주 북구,gwangju_dessert_cafes_blog_links_bukgu,거북당 전대예대점,빈티지/레트로|포토존/인스타,아이스크림/젤라또|초콜릿/디저트특화|케이크,공부/작업|브런치/식사,힐링|활기/캐주얼|아늑함|조용함,주차가능|테이크아웃|콘센트/와이파이
광주 북구,gwangju_dessert_cafes_blog_links_bukgu,글로어 전대정문점,포토존/인스타|대형카페|뷰맛집|모던/깔끔|한옥/전통,브런치/샌드위치|베이커리/빵|빙수|초콜릿/디저트특화|케이크|쿠키/구움과자,브런치/식사|모임/단체|공부/작업|데이트,아늑함|쾌적함|조용함|힐링,주차가능|테이크아웃|시그니처/대표메뉴|예약/단체
광주 북구,gwangju_dessert_cafes_blog_links_bukgu,다스브로트,테라스/야외|포토존/인스타|정원/가든|대형카페|모던/깔끔|뷰맛집,베이커리/빵|초콜릿/디저트특화|쿠키/구움과자|아이스크림/젤라또|케이크,드라이브/산책|가족/키즈|모임/단체|공부/작업,조용함|쾌적함|힐링|아늑함,주차가능|시그니처/대표메뉴|테이크아웃|예약/단체
광주 북구,gwangju_dessert_cafes_blog_links_bukgu,더플레인,정원/가든|뷰맛집|모던/깔끔,마카롱|케이크|초콜릿/디저트특화|쿠키/구움과자|아이스크림/젤라또,,,테이크아웃
광주 북구,gwangju_dessert_cafes_blog_links_bukgu,라이트라이트샵,포토존/인스타|뷰맛집|모던/깔끔|정원/가든|빈티지/레트로|테라스/야외,쿠키/구움과자|베이커리/빵|브런치/샌드위치|케이크,모임/단체|가족/키즈|공부/작업|브런치/식사,아늑함|힐링|쾌적함|조용함,시그니처/대표메뉴|예약/단체|주차가능|키즈/유모차
광주 북구,gwangju_dessert_cafes_blog_links_bukgu,미미당906 광주점,테라스/야외|정원/가든,케이크|빙수,모임/단체|공부/작업,활기/캐주얼|조용함,예약/단체|시그니처/대표메뉴|주차가능|테이크아웃
광주 북구,gwangju_dessert_cafes_blog_links_bukgu,반헤이브,대형카페|포토존/인스타|테라스/야외|뷰맛집|정원/가든|모던/깔끔,브런치/샌드위치|베이커리/빵|케이크|초콜릿/디저트특화|쿠키/구움과자,브런치/식사|가족/키즈|드라이브/산책|모임/단체,조용함|쾌적함|아늑함|힐링,주차가능|키즈/유모차|예약/단체|시그니처/대표메뉴
광주 북구,gwangju_dessert_cafes_blog_links_bukgu,배배꼬 광주일곡점,포토존/인스타|모던/깔끔|뷰맛집|한옥/전통,쿠키/구움과자|베이커리/빵|초콜릿/디저트특화|케이크|빙수,가족/키즈|모임/단체|데이트|브런치/식사,조용함|힐링|쾌적함|아늑함,예약/단체|시그니처/대표메뉴|주차가능|테이크아웃
광주 북구,gwangju_dessert_cafes_blog_links_bukgu,베러데이즈,포토존/인스타|모던/깔끔|한옥/전통|뷰맛집|정원/가든,케이크|쿠키/구움과자|초콜릿/디저트특화|브런치/샌드위치|크레페/와플,브런치/식사|가족/키즈|공부/작업,조용함|쾌적함|아늑함,테이크아웃|예약/단체|주차가능|시그니처/대표메뉴
광주 북구,gwangju_dessert_cafes_blog_links_bukgu,빈드럭스,대형카페|뷰맛집|포토존/인스타|정원/가든|테라스/야외|빈티지/레트로,베이커리/빵|쿠키/구움과자|초콜릿/디저트특화|아이스크림/젤라또|브런치/샌드위치|케이크,공부/작업|드라이브/산책|모임/단체|가족/키즈,조용함|힐링|쾌적함|아늑함,주차가능|시그니처/대표메뉴|예약/단체|콘센트/와이파이
광주 북구,gwangju_dessert_cafes_blog_links_bukgu,설빙 용봉점,포토존/인스타,빙수|아이스크림/젤라또|초콜릿/디저트특화|쿠키/구움과자|베이커리/빵,가족/키즈|공부/작업|모임/단체,조용함|쾌적함,주차가능|시그니처/대표메뉴|콘센트/와이파이|키즈/유모차
광주 북구,gwangju_dessert_cafes_blog_links_bukgu,소미담 전남대점,포토존/인스타|모던/깔끔|대형카페|뷰맛집,아이스크림/젤라또|빙수|초콜릿/디저트특화,가족/키즈|데이트|브런치/식사|모임/단체,힐링|쾌적함,테이크아웃|주차가능|예약/단체|시그니처/대표메뉴
광주 북구,gwangju_dessert_cafes_blog_links_bukgu,스위트라라,포토존/인스타|뷰맛집|빈티지/레트로|정원/가든|모던/깔끔|한옥/전통,케이크|쿠키/구움과자|크레페/와플,공부/작업|가족/키즈,아늑함|조용함,시그니처/대표메뉴|주차가능|키즈/유모차|테이크아웃
광주 북구,gwangju_dessert_cafes_blog_links_bukgu,앙호두 광주1호 첨단지구점,모던/깔끔|한옥/전통|포토존/인스타|뷰맛집|대형카페,베이커리/빵|초콜릿/디저트특화|쿠키/구움과자|브런치/샌드위치,모임/단체|가족/키즈|브런치/식사|드라이브/산책,조용함|아늑함|힐링,테이크아웃|주차가능|예약/단체|시그니처/대표메뉴
광주 북구,gwangju_dessert_cafes_blog_links_bukgu,앤셜리,포토존/인스타|빈티지/레트로|테라스/야외|한옥/전통|정원/가든|모던/깔끔,브런치/샌드위치|빙수|케이크|베이커리/빵|쿠키/구움과자|아이스크림/젤라또,브런치/식사|가족/키즈|모임/단체|데이트,아늑함|힐링|조용함|쾌적함,시그니처/대표메뉴|주차가능|키즈/유모차|예약/단체
광주 북구,gwangju_dessert_cafes_blog_links_bukgu,어썸브릿지,대형카페|뷰맛집|포토존/인스타|루프탑|테라스/야외|모던/깔끔,브런치/샌드위치|베이커리/빵|케이크,브런치/식사|모임/단체|가족/키즈|드라이브/산책,조용함|힐링|쾌적함|아늑함,주차가능|시그니처/대표메뉴|예약/단체|테이크아웃
광주 북구,gwangju_dessert_cafes_blog_links_bukgu,온다방,포토존/인스타|모던/깔끔|뷰맛집|정원/가든|빈티지/레트로,쿠키/구움과자|베이커리/빵|초콜릿/디저트특화|브런치/샌드위치,모임/단체|브런치/식사|가족/키즈|반려견동반,아늑함|조용함|쾌적함,주차가능|시그니처/대표메뉴|예약/단체|테이크아웃
광주 북구,gwangju_dessert_cafes_blog_links_bukgu,요거트아이스크림의정석 임동챔피언스필드점,,아이스크림/젤라또|빙수,,조용함,시그니처/대표메뉴
광주 북구,gwangju_dessert_cafes_blog_links_bukgu,월출향가,대형카페|포토존/인스타|뷰맛집|테라스/야외|정원/가든|빈티지/레트로,빙수|크레페/와플|케이크|베이커리/빵|아이스크림/젤라또|브런치/샌드위치,가족/키즈|브런치/식사|모임/단체|드라이브/산책,조용함|아늑함|쾌적함|힐링,주차가능|시그니처/대표메뉴|예약/단체|키즈/유모차
광주 북구,gwangju_dessert_cafes_blog_links_bukgu,이븐베터커피,포토존/인스타|뷰맛집|모던/깔끔|대형카페|빈티지/레트로|테라스/야외,베이커리/빵|쿠키/구움과자|아이스크림/젤라또|초콜릿/디저트특화|케이크,모임/단체|가족/키즈|데이트|브런치/식사,아늑함|쾌적함|조용함|힐링,주차가능|시그니처/대표메뉴|예약/단체|테이크아웃
광주 북구,gwangju_dessert_cafes_blog_links_bukgu,인크커피 광주기아챔피언스필드점,대형카페|포토존/인스타|모던/깔끔,베이커리/빵|케이크|브런치/샌드위치|쿠키/구움과자,데이트|가족/키즈|브런치/식사|공부/작업,쾌적함|조용함|힐링,시그니처/대표메뉴|콘센트/와이파이|주차가능|예약/단체
광주 북구,gwangju_dessert_cafes_blog_links_bukgu,카페 온새미로,포토존/인스타|뷰맛집|한옥/전통,베이커리/빵|초콜릿/디저트특화|케이크|아이스크림/젤라또|쿠키/구움과자,브런치/식사|가족/키즈|모임/단체|공부/작업,조용함|아늑함|활기/캐주얼|쾌적함,주차가능|예약/단체|시그니처/대표메뉴|테이크아웃
광주 북구,gwangju_dessert_cafes_blog_links_bukgu,카페214,포토존/인스타|모던/깔끔,케이크,데이트,,주차가능|예약/단체
광주 북구,gwangju_dessert_cafes_blog_links_bukgu,카페거북이,포토존/인스타|한옥/전통,베이커리/빵,공부/작업|데이트,조용함|힐링|아늑함,시그니처/대표메뉴|콘센트/와이파이|테이크아웃
광주 북구,gwangju_dessert_cafes_blog_links_bukgu,카페봄봄 광주 연제점,포토존/인스타,,,조용함,예약/단체
광주 북구,gwangju_dessert_cafes_blog_links_bukgu,카페봄봄 광주운암벽산점,포토존/인스타|빈티지/레트로|뷰맛집|모던/깔끔,쿠키/구움과자,공부/작업|드라이브/산책|가족/키즈,아늑함|힐링|조용함,테이크아웃|시그니처/대표메뉴|콘센트/와이파이|키즈/유모차
광주 북구,gwangju_dessert_cafes_blog_links_bukgu,카페숲안에 광주점,루프탑|포토존/인스타|정원/가든|대형카페|빈티지/레트로|뷰맛집,케이크|초콜릿/디저트특화|베이커리/빵|쿠키/구움과자,모임/단체|공부/작업|데이트|가족/키즈,아늑함|조용함|힐링|쾌적함,시그니처/대표메뉴|주차가능|예약/단체|콘센트/와이파이
광주 북구,gwangju_dessert_cafes_blog_links_bukgu,케주베이커리 전대상대점,포토존/인스타,쿠키/구움과자|초콜릿/디저트특화|베이커리/빵|마카롱|케이크,,조용함,테이크아웃|주차가능|시그니처/대표메뉴|예약/단체
광주 북구,gwangju_dessert_cafes_blog_links_bukgu,케주베이커리부티크 전대예대점,포토존/인스타|모던/깔끔,케이크|베이커리/빵|초콜릿/디저트특화,공부/작업,조용함|아늑함|힐링,시그니처/대표메뉴|테이크아웃
광주 북구,gwangju_dessert_cafes_blog_links_bukgu,쿠크당,뷰맛집|포토존/인스타|정원/가든|모던/깔끔|한옥/전통,초콜릿/디저트특화|쿠키/구움과자|베이커리/빵|케이크,반려견동반|공부/작업|모임/단체|가족/키즈,조용함|아늑함|쾌적함|힐링,테이크아웃|주차가능|반려견동반|예약/단체
광주 북구,gwangju_dessert_cafes_blog_links_bukgu,크레버터 하우스,포토존/인스타|모던/깔끔|뷰맛집|정원/가든|대형카페,케이크|초콜릿/디저트특화|크레페/와플|베이커리/빵|브런치/샌드위치|쿠키/구움과자,데이트|모임/단체|반려견동반|공부/작업,조용함|쾌적함|아늑함,시그니처/대표메뉴|주차가능|테이크아웃|예약/단체
광주 북구,gwangju_dessert_cafes_blog_links_bukgu,크레센트,포토존/인스타|정원/가든|모던/깔끔|뷰맛집,베이커리/빵|케이크|쿠키/구움과자|브런치/샌드위치|크레페/와플|초콜릿/디저트특화,브런치/식사|가족/키즈,조용함|아늑함,콘센트/와이파이|시그니처/대표메뉴|주차가능|예약/단체
광주 북구,gwangju_dessert_cafes_blog_links_bukgu,하이데이지,포토존/인스타|뷰맛집|빈티지/레트로|정원/가든,케이크|베이커리/빵|브런치/샌드위치|초콜릿/디저트특화|쿠키/구움과자|빙수,가족/키즈|반려견동반|브런치/식사|데이트,조용함|아늑함|활기/캐주얼|쾌적함,주차가능|테이크아웃|시그니처/대표메뉴|반려견동반
광주 북구,gwangju_dessert_cafes_blog_links_bukgu,해롱해롱,,마카롱|초콜릿/디저트특화|쿠키/구움과자|케이크,,,예약/단체
광주 북구,gwangju_dessert_cafes_blog_links_bukgu,화순하다랩,포토존/인스타|뷰맛집|모던/깔끔|정원/가든|빈티지/레트로|대형카페,케이크|베이커리/빵|브런치/샌드위치|빙수|쿠키/구움과자|초콜릿/디저트특화,브런치/식사|가족/키즈|공부/작업|데이트,조용함|아늑함|쾌적함|힐링,주차가능|시그니처/대표메뉴|예약/단체|키즈/유모차
광주 동구,gwangju_dessert_cafes_blog_links_donggu,그랩앤고,포토존/인스타|뷰맛집|모던/깔끔|한옥/전통,크레페/와플|아이스크림/젤라또|케이크|초콜릿/디저트특화|쿠키/구움과자|베이커리/빵,모임/단체|데이트|브런치/식사|가족/키즈,조용함|아늑함|쾌적함,테이크아웃|시그니처/대표메뉴|주차가능|예약/단체
광주 동구,gwangju_dessert_cafes_blog_links_donggu,네이비소셜클럽,포토존/인스타|테라스/야외|뷰맛집|빈티지/레트로|모던/깔끔|대형카페,쿠키/구움과자|케이크|아이스크림/젤라또|베이커리/빵|초콜릿/디저트특화|브런치/샌드위치,반려견동반|데이트|가족/키즈|모임/단체,조용함|아늑함|쾌적함|힐링,주차가능|시그니처/대표메뉴|테이크아웃|반려견동반
광주 동구,gwangju_dessert_cafes_blog_links_donggu,달정원,정원/가든|포토존/인스타,브런치/샌드위치|베이커리/빵,브런치/식사|드라이브/산책,조용함|힐링|아늑함,시그니처/대표메뉴|주차가능|예약/단체
광주 동구,gwangju_dessert_cafes_blog_links_donggu,동명당,포토존/인스타|뷰맛집|모던/깔끔,초콜릿/디저트특화|케이크|쿠키/구움과자|아이스크림/젤라또|빙수,모임/단체,조용함|아늑함,주차가능|테이크아웃|시그니처/대표메뉴|예약/단체
광주 동구,gwangju_dessert_cafes_blog_links_donggu,디저트39 광주충장점,포토존/인스타|대형카페|뷰맛집,케이크,공부/작업|모임/단체|데이트|반려견동반,아늑함|조용함,주차가능|시그니처/대표메뉴|반려견동반|콘센트/와이파이
광주 동구,gwangju_dessert_cafes_blog_links_donggu,딜라이트베이크샵,정원/가든|포토존/인스타,케이크|베이커리/빵|쿠키/구움과자,,,테이크아웃|주차가능|예약/단체|시그니처/대표메뉴
광주 동구,gwangju_dessert_cafes_blog_links_donggu,래터레인,포토존/인스타|빈티지/레트로|뷰맛집|모던/깔끔|한옥/전통|대형카페,쿠키/구움과자|초콜릿/디저트특화|베이커리/빵|아이스크림/젤라또|케이크,데이트|가족/키즈|공부/작업|브런치/식사,아늑함|조용함|쾌적함|힐링,주차가능|시그니처/대표메뉴|테이크아웃|키즈/유모차
광주 동구,gwangju_dessert_cafes_blog_links_donggu,러블리카페,대형카페|포토존/인스타|모던/깔끔,,모임/단체|가족/키즈,쾌적함|조용함|아늑함,주차가능|시그니처/대표메뉴|예약/단체
광주 동구,gwangju_dessert_cafes_blog_links_donggu,레파스 학동점,포토존/인스타|뷰맛집|빈티지/레트로|대형카페|모던/깔끔|정원/가든,베이커리/빵|브런치/샌드위치|쿠키/구움과자|초콜릿/디저트특화,브런치/식사|모임/단체|공부/작업|가족/키즈,조용함|아늑함|쾌적함|힐링,주차가능|시그니처/대표메뉴|테이크아웃|예약/단체
광주 동구,gwangju_dessert_cafes_blog_links_donggu,로맨틱뮤지엄,포토존/인스타|테라스/야외|정원/가든,케이크|쿠키/구움과자|크레페/와플|초콜릿/디저트특화|아이스크림/젤라또,공부/작업|가족/키즈|반려견동반|데이트,조용함|쾌적함,주차가능|반려견동반|키즈/유모차|콘센트/와이파이
광주 동구,gwangju_dessert_cafes_blog_links_donggu,로우 딥 빙 스틸,포토존/인스타|모던/깔끔|뷰맛집,베이커리/빵|아이스크림/젤라또|쿠키/구움과자|초콜릿/디저트특화,드라이브/산책|반려견동반|데이트|공부/작업,조용함|아늑함|쾌적함|힐링,시그니처/대표메뉴|주차가능|테이크아웃|반려견동반
광주 동구,gwangju_dessert_cafes_blog_links_donggu,빈드럭스,대형카페|뷰맛집|포토존/인스타|정원/가든|테라스/야외|빈티지/레트로,베이커리/빵|쿠키/구움과자|초콜릿/디저트특화|아이스크림/젤라또|브런치/샌드위치|케이크,공부/작업|드라이브/산책|모임/단체|가족/키즈,조용함|힐링|쾌적함|아늑함,주차가능|시그니처/대표메뉴|예약/단체|콘센트/와이파이
광주 동구,gwangju_dessert_cafes_blog_links_donggu,소맥베이커리,대형카페|포토존/인스타|모던/깔끔|뷰맛집|빈티지/레트로|한옥/전통,베이커리/빵|케이크|쿠키/구움과자|브런치/샌드위치|초콜릿/디저트특화,브런치/식사|모임/단체|가족/키즈|데이트,조용함|아늑함|힐링|쾌적함,주차가능|시그니처/대표메뉴|예약/단체|테이크아웃
광주 동구,gwangju_dessert_cafes_blog_links_donggu,솔티드머랭,모던/깔끔,케이크|마카롱|초콜릿/디저트특화|베이커리/빵,가족/키즈,,주차가능|테이크아웃|시그니처/대표메뉴|키즈/유모차
광주 동구,gwangju_dessert_cafes_blog_links_donggu,수선화 플라워카페,포토존/인스타|정원/가든|한옥/전통,쿠키/구움과자,공부/작업|가족/키즈,아늑함|힐링,콘센트/와이파이|예약/단체|시그니처/대표메뉴|키즈/유모차
광주 동구,gwangju_dessert_cafes_blog_links_donggu,스콘스,포토존/인스타|뷰맛집|모던/깔끔,쿠키/구움과자|베이커리/빵|초콜릿/디저트특화,가족/키즈|데이트,아늑함|힐링|조용함,테이크아웃|시그니처/대표메뉴|주차가능|예약/단체
광주 동구,gwangju_dessert_cafes_blog_links_donggu,시스살롱,포토존/인스타|정원/가든|모던/깔끔|뷰맛집|한옥/전통,마카롱|케이크|쿠키/구움과자|베이커리/빵|초콜릿/디저트특화|아이스크림/젤라또,가족/키즈|공부/작업|반려견동반|브런치/식사,아늑함|조용함|힐링|쾌적함,테이크아웃|주차가능|시그니처/대표메뉴|예약/단체
광주 동구,gwangju_dessert_cafes_blog_links_donggu,아멜리아,포토존/인스타|뷰맛집|모던/깔끔,케이크,데이트|공부/작업|모임/단체,,주차가능|테이크아웃|시그니처/대표메뉴|예약/단체
광주 동구,gwangju_dessert_cafes_blog_links_donggu,아우스밀,포토존/인스타|빈티지/레트로|테라스/야외|뷰맛집|정원/가든|모던/깔끔,베이커리/빵|쿠키/구움과자|케이크|초콜릿/디저트특화|브런치/샌드위치|아이스크림/젤라또,가족/키즈|브런치/식사|드라이브/산책|공부/작업,조용함|쾌적함|아늑함|힐링,테이크아웃|시그니처/대표메뉴|예약/단체|키즈/유모차
광주 동구,gwangju_dessert_cafes_blog_links_donggu,아프레시,포토존/인스타|뷰맛집|테라스/야외|빈티지/레트로|한옥/전통|정원/가든,베이커리/빵|브런치/샌드위치|쿠키/구움과자|케이크|초콜릿/디저트특화|빙수,브런치/식사|가족/키즈|모임/단체|반려견동반,힐링|조용함|쾌적함|아늑함,주차가능|시그니처/대표메뉴|테이크아웃|예약/단체
광주 동구,gwangju_dessert_cafes_blog_links_donggu,에브르인테라스,테라스/야외|뷰맛집|루프탑|대형카페|포토존/인스타|정원/가든,쿠키/구움과자|케이크|베이커리/빵|초콜릿/디저트특화|브런치/샌드위치|아이스크림/젤라또,데이트|가족/키즈|모임/단체|반려견동반,조용함|힐링|쾌적함|아늑함,주차가능|시그니처/대표메뉴|예약/단체|키즈/유모차
광주 동구,gwangju_dessert_cafes_blog_links_donggu,엠버스 베이크샵,포토존/인스타|테라스/야외|대형카페|뷰맛집|모던/깔끔|한옥/전통,베이커리/빵|케이크|쿠키/구움과자|초콜릿/디저트특화|아이스크림/젤라또,모임/단체|공부/작업|가족/키즈|데이트,조용함|아늑함|쾌적함|힐링,주차가능|시그니처/대표메뉴|예약/단체|콘센트/와이파이
광주 동구,gwangju_dessert_cafes_blog_links_donggu,오리엔스,한옥/전통|포토존/인스타|정원/가든|빈티지/레트로|뷰맛집|모던/깔끔,베이커리/빵|쿠키/구움과자|케이크,브런치/식사|모임/단체|드라이브/산책|가족/키즈,아늑함|쾌적함|조용함|힐링,시그니처/대표메뉴|주차가능|예약/단체|테이크아웃
광주 동구,gwangju_dessert_cafes_blog_links_donggu,오버롤,포토존/인스타|빈티지/레트로|뷰맛집,케이크|초콜릿/디저트특화|쿠키/구움과자,데이트|브런치/식사|가족/키즈|모임/단체,아늑함|힐링,주차가능|키즈/유모차|시그니처/대표메뉴
광주 동구,gwangju_dessert_cafes_blog_links_donggu,올데이피크닉,테라스/야외|포토존/인스타|뷰맛집|정원/가든|대형카페|모던/깔끔,크레페/와플|아이스크림/젤라또|케이크|빙수|쿠키/구움과자|초콜릿/디저트특화,데이트|모임/단체,힐링|조용함|아늑함|쾌적함,주차가능|시그니처/대표메뉴|예약/단체
광주 동구,gwangju_dessert_cafes_blog_links_donggu,울림,대형카페|포토존/인스타|테라스/야외|모던/깔끔|뷰맛집|정원/가든,케이크|쿠키/구움과자|크레페/와플|아이스크림/젤라또|초콜릿/디저트특화|베이커리/빵,공부/작업|데이트|가족/키즈|모임/단체,아늑함|조용함|쾌적함|힐링,주차가능|시그니처/대표메뉴|콘센트/와이파이|예약/단체
광주 동구,gwangju_dessert_cafes_blog_links_donggu,인세인쿠키,포토존/인스타|모던/깔끔|한옥/전통,쿠키/구움과자|초콜릿/디저트특화|베이커리/빵,모임/단체|브런치/식사|가족/키즈|공부/작업,조용함|아늑함|힐링,시그니처/대표메뉴|테이크아웃|주차가능|예약/단체
광주 동구,gwangju_dessert_cafes_blog_links_donggu,인포레,대형카페|정원/가든|뷰맛집|테라스/야외|포토존/인스타|루프탑,베이커리/빵|빙수|쿠키/구움과자|브런치/샌드위치,반려견동반|가족/키즈|모임/단체|드라이브/산책,조용함|힐링|아늑함,반려견동반|주차가능|시그니처/대표메뉴|예약/단체
광주 동구,gwangju_dessert_cafes_blog_links_donggu,치너스,포토존/인스타|뷰맛집|루프탑|대형카페|테라스/야외|정원/가든,케이크|베이커리/빵|초콜릿/디저트특화|브런치/샌드위치|쿠키/구움과자|아이스크림/젤라또,브런치/식사|모임/단체|데이트|가족/키즈,조용함|아늑함|쾌적함,주차가능|테이크아웃|시그니처/대표메뉴|예약/단체
광주 동구,gwangju_dessert_cafes_blog_links_donggu,카카오브릭,포토존/인스타|모던/깔끔|뷰맛집|한옥/전통|대형카페,초콜릿/디저트특화|케이크|베이커리/빵,데이트|가족/키즈|공부/작업|모임/단체,조용함|아늑함|쾌적함,테이크아웃|주차가능|시그니처/대표메뉴|예약/단체
광주 동구,gwangju_dessert_cafes_blog_links_donggu,카페 마루,뷰맛집|포토존/인스타|테라스/야외|모던/깔끔|빈티지/레트로|한옥/전통,케이크|베이커리/빵,데이트|드라이브/산책|공부/작업|가족/키즈,힐링|아늑함|조용함|쾌적함,주차가능|시그니처/대표메뉴|콘센트/와이파이|키즈/유모차
광주 동구,gwangju_dessert_cafes_blog_links_donggu,카페도심,포토존/인스타|빈티지/레트로|모던/깔끔|뷰맛집|한옥/전통|정원/가든,케이크|아이스크림/젤라또|베이커리/빵,모임/단체|데이트|가족/키즈|드라이브/산책,쾌적함|아늑함|힐링|조용함,시그니처/대표메뉴|주차가능|예약/단체|키즈/유모차
광주 동구,gwangju_dessert_cafes_blog_links_donggu,카페뮤지엄CM,포토존/인스타,빙수,공부/작업|모임/단체|반려견동반,쾌적함|조용함,시그니처/대표메뉴|콘센트/와이파이|반려견동반|예약/단체
광주 동구,gwangju_dessert_cafes_blog_links_donggu,카페플랜비,포토존/인스타|정원/가든|뷰맛집|대형카페|모던/깔끔|빈티지/레트로,브런치/샌드위치|쿠키/구움과자|케이크|마카롱|초콜릿/디저트특화|베이커리/빵,브런치/식사|데이트|모임/단체|공부/작업,아늑함|쾌적함|조용함,주차가능|예약/단체|콘센트/와이파이|테이크아웃
광주 동구,gwangju_dessert_cafes_blog_links_donggu,카페호시정,포토존/인스타|정원/가든|뷰맛집|테라스/야외|모던/깔끔|한옥/전통,케이크,모임/단체|데이트|가족/키즈|브런치/식사,조용함|아늑함|쾌적함|활기/캐주얼,주차가능|시그니처/대표메뉴|예약/단체|키즈/유모차
광주 동구,gwangju_dessert_cafes_blog_links_donggu,커피메이트,포토존/인스타|뷰맛집|모던/깔끔|정원/가든|한옥/전통,초콜릿/디저트특화|케이크|쿠키/구움과자,공부/작업|데이트|모임/단체|가족/키즈,조용함|아늑함|쾌적함,시그니처/대표메뉴|주차가능|콘센트/와이파이|테이크아웃
광주 동구,gwangju_dessert_cafes_blog_links_donggu,쿠자쿠,포토존/인스타|뷰맛집|모던/깔끔|한옥/전통|테라스/야외|대형카페,케이크|쿠키/구움과자|빙수|아이스크림/젤라또|베이커리/빵,브런치/식사|가족/키즈|모임/단체|공부/작업,조용함|쾌적함|아늑함|힐링,주차가능|시그니처/대표메뉴|테이크아웃|콘센트/와이파이
광주 동구,gwangju_dessert_cafes_blog_links_donggu,쿠키즈,포토존/인스타|모던/깔끔|뷰맛집|테라스/야외|대형카페|빈티지/레트로,쿠키/구움과자|아이스크림/젤라또|초콜릿/디저트특화|베이커리/빵|케이크|브런치/샌드위치,가족/키즈|데이트|모임/단체|드라이브/산책,조용함|아늑함|힐링|쾌적함,키즈/유모차|시그니처/대표메뉴|주차가능|예약/단체
광주 동구,gwangju_dessert_cafes_blog_links_donggu,투썸플레이스 광주동명동카페거리점,대형카페|모던/깔끔|포토존/인스타,케이크|쿠키/구움과자|초콜릿/디저트특화,공부/작업|모임/단체,조용함,주차가능|시그니처/대표메뉴|콘센트/와이파이
광주 동구,gwangju_dessert_cafes_blog_links_donggu,피치핏치,포토존/인스타|뷰맛집|빈티지/레트로|정원/가든|모던/깔끔,쿠키/구움과자|초콜릿/디저트특화|베이커리/빵|케이크|크레페/와플,가족/키즈|공부/작업|데이트|모임/단체,조용함|힐링|아늑함,주차가능|시그니처/대표메뉴|테이크아웃|키즈/유모차
광주 동구,gwangju_dessert_cafes_blog_links_donggu,허니비,포토존/인스타|빈티지/레트로|모던/깔끔,초콜릿/디저트특화,,아늑함|조용함|힐링,시그니처/대표메뉴|주차가능
광주 동구,gwangju_dessert_cafes_blog_links_donggu,헤이드,포토존/인스타|모던/깔끔|뷰맛집|대형카페|한옥/전통,베이커리/빵|쿠키/구움과자|케이크|초콜릿/디저트특화|아이스크림/젤라또|브런치/샌드위치,가족/키즈|공부/작업|모임/단체|브런치/식사,쾌적함|아늑함|조용함|힐링,시그니처/대표메뉴|예약/단체|주차가능|키즈/유모차
광주 동구,gwangju_dessert_cafes_blog_links_donggu,화채업자,포토존/인스타|모던/깔끔|뷰맛집|테라스/야외|정원/가든|한옥/전통,빙수|크레페/와플|아이스크림/젤라또|초콜릿/디저트특화|베이커리/빵|쿠키/구움과자,모임/단체|반려견동반|가족/키즈|데이트,조용함|쾌적함|아늑함,주차가능|시그니처/대표메뉴|반려견동반|예약/단체
광주 동구,gwangju_dessert_cafes_blog_links_donggu,휘핑디에그,뷰맛집|포토존/인스타|테라스/야외|빈티지/레트로|모던/깔끔,쿠키/구움과자|베이커리/빵|케이크|브런치/샌드위치|아이스크림/젤라또|빙수,모임/단체|브런치/식사|가족/키즈|공부/작업,조용함|아늑함|쾌적함,예약/단체|테이크아웃|주차가능|시그니처/대표메뉴
광주 광산구,gwangju_dessert_cafes_blog_links_gwanggu,esc2,대형카페|뷰맛집|루프탑|테라스/야외|모던/깔끔|정원/가든,베이커리/빵|쿠키/구움과자|브런치/샌드위치|아이스크림/젤라또|케이크|초콜릿/디저트특화,반려견동반|가족/키즈|브런치/식사|모임/단체,조용함|쾌적함|힐링|아늑함,반려견동반|주차가능|시그니처/대표메뉴|예약/단체
광주 광산구,gwangju_dessert_cafes_blog_links_gwanggu,갱소년,포토존/인스타|모던/깔끔|한옥/전통|뷰맛집|빈티지/레트로|정원/가든,초콜릿/디저트특화|쿠키/구움과자|베이커리/빵|케이크|빙수,가족/키즈|데이트,조용함|아늑함|힐링|활기/캐주얼,주차가능|예약/단체|테이크아웃|시그니처/대표메뉴
광주 광산구,gwangju_dessert_cafes_blog_links_gwanggu,고요커피,모던/깔끔|대형카페|포토존/인스타,아이스크림/젤라또|케이크|크레페/와플,반려견동반|모임/단체|브런치/식사|데이트,조용함|아늑함|힐링|쾌적함,주차가능|반려견동반|시그니처/대표메뉴|테이크아웃
광주 광산구,gwangju_dessert_cafes_blog_links_gwanggu,광카롱,모던/깔끔,마카롱|쿠키/구움과자|초콜릿/디저트특화,,조용함,시그니처/대표메뉴|예약/단체
광주 광산구,gwangju_dessert_cafes_blog_links_gwanggu,그랩앤고 크레페 첨단원로그점,포토존/인스타|뷰맛집|모던/깔끔|한옥/전통,크레페/와플|아이스크림/젤라또|케이크|초콜릿/디저트특화|베이커리/빵|쿠키/구움과자,모임/단체|브런치/식사|데이트|가족/키즈,조용함|쾌적함,테이크아웃|주차가능|예약/단체|시그니처/대표메뉴
광주 광산구,gwangju_dessert_cafes_blog_links_gwanggu,꽈르르,포토존/인스타|모던/깔끔|뷰맛집|한옥/전통|정원/가든,베이커리/빵|초콜릿/디저트특화|빙수|케이크|아이스크림/젤라또,모임/단체|가족/키즈|데이트|반려견동반,아늑함|조용함|힐링|쾌적함,주차가능|예약/단체|테이크아웃|시그니처/대표메뉴
광주 광산구,gwangju_dessert_cafes_blog_links_gwanggu,끌라로치즈케이크,,케이크|초콜릿/디저트특화,가족/키즈|데이트,,예약/단체
광주 광산구,gwangju_dessert_cafes_blog_links_gwanggu,달달베이크카페,모던/깔끔,쿠키/구움과자|베이커리/빵|마카롱|케이크|초콜릿/디저트특화,,조용함|힐링,테이크아웃|예약/단체|주차가능|시그니처/대표메뉴
광주 광산구,gwangju_dessert_cafes_blog_links_gwanggu,대설 수완점,,빙수|초콜릿/디저트특화|아이스크림/젤라또,,조용함,주차가능|시그니처/대표메뉴|테이크아웃
광주 광산구,gwangju_dessert_cafes_blog_links_gwanggu,디저또,포토존/인스타|뷰맛집,초콜릿/디저트특화|케이크|마카롱|쿠키/구움과자,가족/키즈,아늑함,예약/단체|테이크아웃|주차가능|키즈/유모차
광주 광산구,gwangju_dessert_cafes_blog_links_gwanggu,디저트39 하남 메가박스점,모던/깔끔,케이크|초콜릿/디저트특화,데이트,조용함,시그니처/대표메뉴|테이크아웃
광주 광산구,gwangju_dessert_cafes_blog_links_gwanggu,라라브레드 송정점,포토존/인스타|루프탑|뷰맛집|대형카페|빈티지/레트로|테라스/야외,브런치/샌드위치|베이커리/빵|쿠키/구움과자|초콜릿/디저트특화|케이크,브런치/식사|모임/단체|가족/키즈|데이트,조용함|아늑함|힐링|쾌적함,주차가능|시그니처/대표메뉴|예약/단체|테이크아웃
광주 광산구,gwangju_dessert_cafes_blog_links_gwanggu,리브베,대형카페|포토존/인스타|뷰맛집|한옥/전통|정원/가든|테라스/야외,브런치/샌드위치|베이커리/빵|쿠키/구움과자|케이크|초콜릿/디저트특화|아이스크림/젤라또,브런치/식사|가족/키즈|반려견동반|데이트,조용함|아늑함|힐링|활기/캐주얼,주차가능|시그니처/대표메뉴|반려견동반|예약/단체
광주 광산구,gwangju_dessert_cafes_blog_links_gwanggu,마스카프,포토존/인스타|뷰맛집|모던/깔끔|빈티지/레트로,케이크|쿠키/구움과자|아이스크림/젤라또|초콜릿/디저트특화|브런치/샌드위치|베이커리/빵,가족/키즈|브런치/식사|모임/단체,조용함|아늑함|힐링|쾌적함,주차가능|시그니처/대표메뉴|키즈/유모차|테이크아웃
광주 광산구,gwangju_dessert_cafes_blog_links_gwanggu,메가샵크로플 광주송정역점,뷰맛집,크레페/와플|쿠키/구움과자,공부/작업,쾌적함|조용함,콘센트/와이파이|테이크아웃
광주 광산구,gwangju_dessert_cafes_blog_links_gwanggu,메종,포토존/인스타|루프탑|빈티지/레트로|테라스/야외|뷰맛집|모던/깔끔,쿠키/구움과자|베이커리/빵|케이크|크레페/와플|초콜릿/디저트특화|브런치/샌드위치,가족/키즈|데이트|공부/작업|브런치/식사,조용함|아늑함|힐링|쾌적함,주차가능|시그니처/대표메뉴|테이크아웃|키즈/유모차
광주 광산구,gwangju_dessert_cafes_blog_links_gwanggu,몰레,포토존/인스타|뷰맛집|모던/깔끔|정원/가든|한옥/전통,초콜릿/디저트특화|마카롱|쿠키/구움과자|베이커리/빵|크레페/와플|케이크,모임/단체|반려견동반|가족/키즈|브런치/식사,아늑함|조용함|쾌적함,예약/단체|시그니처/대표메뉴|테이크아웃|주차가능
광주 광산구,gwangju_dessert_cafes_blog_links_gwanggu,벤티프레소 광주송정점,테라스/야외,,가족/키즈|브런치/식사,,주차가능|시그니처/대표메뉴
광주 광산구,gwangju_dessert_cafes_blog_links_gwanggu,본빵협동조합,뷰맛집|정원/가든|모던/깔끔|포토존/인스타,베이커리/빵|쿠키/구움과자|브런치/샌드위치|초콜릿/디저트특화|아이스크림/젤라또,드라이브/산책,아늑함,주차가능|시그니처/대표메뉴
광주 광산구,gwangju_dessert_cafes_blog_links_gwanggu,사실빙 광주수완점,모던/깔끔|뷰맛집|포토존/인스타|정원/가든,빙수|아이스크림/젤라또|초콜릿/디저트특화|크레페/와플|쿠키/구움과자|베이커리/빵,모임/단체|가족/키즈|공부/작업|브런치/식사,쾌적함|아늑함|조용함|힐링,주차가능|시그니처/대표메뉴|예약/단체|테이크아웃
광주 광산구,gwangju_dessert_cafes_blog_links_gwanggu,설빙 광주광산하남점,,빙수|아이스크림/젤라또|베이커리/빵|쿠키/구움과자|초콜릿/디저트특화,가족/키즈|브런치/식사,쾌적함|아늑함,시그니처/대표메뉴
광주 광산구,gwangju_dessert_cafes_blog_links_gwanggu,설빙 광주호남대점,모던/깔끔,빙수|케이크|아이스크림/젤라또|크레페/와플|초콜릿/디저트특화,공부/작업|가족/키즈,쾌적함,주차가능|시그니처/대표메뉴
광주 광산구,gwangju_dessert_cafes_blog_links_gwanggu,세컨드원 가든 광주수완점,대형카페|정원/가든|포토존/인스타|테라스/야외|뷰맛집|모던/깔끔,베이커리/빵|쿠키/구움과자|케이크|초콜릿/디저트특화|아이스크림/젤라또,드라이브/산책|가족/키즈|데이트|브런치/식사,조용함|쾌적함|힐링|아늑함,주차가능|시그니처/대표메뉴|테이크아웃|키즈/유모차
광주 광산구,gwangju_dessert_cafes_blog_links_gwanggu,송정리,포토존/인스타|대형카페|정원/가든|모던/깔끔|뷰맛집|빈티지/레트로,빙수|케이크|쿠키/구움과자|베이커리/빵|크레페/와플|초콜릿/디저트특화,브런치/식사|가족/키즈|드라이브/산책|공부/작업,조용함|쾌적함|힐링|아늑함,주차가능|시그니처/대표메뉴|테이크아웃|예약/단체
광주 광산구,gwangju_dessert_cafes_blog_links_gwanggu,슈네케 하남점,대형카페|포토존/인스타|모던/깔끔|테라스/야외|뷰맛집|정원/가든,베이커리/빵|브런치/샌드위치|쿠키/구움과자|초콜릿/디저트특화|케이크,브런치/식사|가족/키즈|반려견동반|모임/단체,조용함|아늑함|쾌적함|힐링,키즈/유모차|주차가능|반려견동반|시그니처/대표메뉴
광주 광산구,gwangju_dessert_cafes_blog_links_gwanggu,슈에뜨,모던/깔끔|정원/가든,,모임/단체,조용함|아늑함,주차가능|예약/단체|시그니처/대표메뉴
광주 광산구,gwangju_dessert_cafes_blog_links_gwanggu,스퀘어,대형카페|포토존/인스타|뷰맛집|모던/깔끔|테라스/야외|정원/가든,베이커리/빵|브런치/샌드위치|쿠키/구움과자|케이크|초콜릿/디저트특화|아이스크림/젤라또,브런치/식사|모임/단체|반려견동반|가족/키즈,조용함|쾌적함|아늑함|힐링,주차가능|시그니처/대표메뉴|테이크아웃|반려견동반
광주 광산구,gwangju_dessert_cafes_blog_links_gwanggu,스타롱,포토존/인스타,마카롱|초콜릿/디저트특화|쿠키/구움과자|베이커리/빵|케이크,가족/키즈|모임/단체|공부/작업,조용함|아늑함|힐링,테이크아웃|예약/단체|시그니처/대표메뉴|주차가능
광주 광산구,gwangju_dessert_cafes_blog_links_gwanggu,시에나카페&페스츄리,대형카페|포토존/인스타|모던/깔끔|뷰맛집,베이커리/빵|브런치/샌드위치|케이크|쿠키/구움과자|아이스크림/젤라또,공부/작업|모임/단체|가족/키즈|데이트,아늑함|쾌적함,주차가능|예약/단체|시그니처/대표메뉴|테이크아웃
광주 광산구,gwangju_dessert_cafes_blog_links_gwanggu,아람,포토존/인스타|모던/깔끔|뷰맛집|정원/가든|한옥/전통,케이크|쿠키/구움과자|베이커리/빵|초콜릿/디저트특화|마카롱|아이스크림/젤라또,가족/키즈|모임/단체|공부/작업|데이트,조용함|아늑함|힐링,테이크아웃|주차가능|시그니처/대표메뉴|예약/단체
광주 광산구,gwangju_dessert_cafes_blog_links_gwanggu,아싸롱,뷰맛집|포토존/인스타|모던/깔끔|빈티지/레트로,마카롱|초콜릿/디저트특화|케이크|쿠키/구움과자|베이커리/빵,가족/키즈|데이트|공부/작업|브런치/식사,조용함|아늑함|쾌적함|힐링,테이크아웃|주차가능|시그니처/대표메뉴|키즈/유모차
광주 광산구,gwangju_dessert_cafes_blog_links_gwanggu,아이잇케이크,포토존/인스타|뷰맛집|테라스/야외|모던/깔끔,케이크|쿠키/구움과자|베이커리/빵|아이스크림/젤라또|초콜릿/디저트특화|빙수,가족/키즈|데이트|공부/작업|브런치/식사,조용함|아늑함|쾌적함|힐링,주차가능|테이크아웃|시그니처/대표메뉴|키즈/유모차
광주 광산구,gwangju_dessert_cafes_blog_links_gwanggu,아트카페 고유,정원/가든|모던/깔끔|포토존/인스타|한옥/전통|대형카페|뷰맛집,케이크|쿠키/구움과자,가족/키즈|데이트|공부/작업|모임/단체,힐링|조용함|쾌적함|아늑함,키즈/유모차|주차가능|예약/단체|시그니처/대표메뉴
광주 광산구,gwangju_dessert_cafes_blog_links_gwanggu,엔제리너스 광주흑석점,,브런치/샌드위치|베이커리/빵,공부/작업|모임/단체|가족/키즈|브런치/식사,,주차가능|시그니처/대표메뉴|테이크아웃|예약/단체
광주 광산구,gwangju_dessert_cafes_blog_links_gwanggu,오늘더베이커리,모던/깔끔|뷰맛집|대형카페,베이커리/빵|케이크|브런치/샌드위치|초콜릿/디저트특화|쿠키/구움과자,가족/키즈|데이트|브런치/식사|공부/작업,조용함|쾌적함|힐링|아늑함,주차가능|시그니처/대표메뉴|키즈/유모차|콘센트/와이파이
광주 광산구,gwangju_dessert_cafes_blog_links_gwanggu,오렌지카페,포토존/인스타|대형카페|정원/가든|테라스/야외|뷰맛집|모던/깔끔,케이크|베이커리/빵|빙수|초콜릿/디저트특화|브런치/샌드위치|쿠키/구움과자,반려견동반|가족/키즈|드라이브/산책|브런치/식사,조용함|쾌적함|아늑함|활기/캐주얼,반려견동반|주차가능|시그니처/대표메뉴|키즈/유모차
광주 광산구,gwangju_dessert_cafes_blog_links_gwanggu,오아르케이크,포토존/인스타|정원/가든|뷰맛집,케이크|초콜릿/디저트특화,브런치/식사,조용함,주차가능|테이크아웃|시그니처/대표메뉴|예약/단체
광주 광산구,gwangju_dessert_cafes_blog_links_gwanggu,요거트아이스크림의정석 선운점,,아이스크림/젤라또|초콜릿/디저트특화,가족/키즈,조용함,테이크아웃|키즈/유모차|시그니처/대표메뉴|주차가능
광주 광산구,gwangju_dessert_cafes_blog_links_gwanggu,요거트월드 광주첨단점,모던/깔끔|뷰맛집|한옥/전통|포토존/인스타,아이스크림/젤라또|초콜릿/디저트특화|베이커리/빵|케이크|쿠키/구움과자,데이트|가족/키즈|드라이브/산책|모임/단체,아늑함|조용함|쾌적함|힐링,주차가능|시그니처/대표메뉴|테이크아웃|키즈/유모차
광주 광산구,gwangju_dessert_cafes_blog_links_gwanggu,제이델링 광주광산구수완점,포토존/인스타|모던/깔끔|뷰맛집|한옥/전통|정원/가든,케이크|쿠키/구움과자|초콜릿/디저트특화|베이커리/빵,가족/키즈|공부/작업|브런치/식사,조용함,예약/단체|시그니처/대표메뉴|테이크아웃|주차가능
광주 광산구,gwangju_dessert_cafes_blog_links_gwanggu,지조있는카페,포토존/인스타|뷰맛집|정원/가든|모던/깔끔|빈티지/레트로|한옥/전통,케이크|크레페/와플|베이커리/빵|쿠키/구움과자,가족/키즈|모임/단체|공부/작업,조용함|아늑함|힐링,테이크아웃|주차가능|시그니처/대표메뉴|키즈/유모차
광주 광산구,gwangju_dessert_cafes_blog_links_gwanggu,카페304 신창점,대형카페|뷰맛집|루프탑|포토존/인스타|테라스/야외|정원/가든,베이커리/빵|케이크|초콜릿/디저트특화|아이스크림/젤라또|쿠키/구움과자,모임/단체|공부/작업|가족/키즈|드라이브/산책,조용함|아늑함|쾌적함|힐링,주차가능|시그니처/대표메뉴|예약/단체|테이크아웃
광주 광산구,gwangju_dessert_cafes_blog_links_gwanggu,카페그로스,뷰맛집|대형카페|포토존/인스타|모던/깔끔|한옥/전통,케이크|쿠키/구움과자|브런치/샌드위치|초콜릿/디저트특화|아이스크림/젤라또|베이커리/빵,브런치/식사|공부/작업|반려견동반|데이트,조용함|아늑함|힐링|쾌적함,주차가능|시그니처/대표메뉴|콘센트/와이파이|예약/단체
광주 광산구,gwangju_dessert_cafes_blog_links_gwanggu,카페네페르,포토존/인스타|뷰맛집,케이크|베이커리/빵|아이스크림/젤라또,공부/작업|데이트|모임/단체|드라이브/산책,조용함|아늑함,테이크아웃|주차가능|예약/단체|콘센트/와이파이
광주 광산구,gwangju_dessert_cafes_blog_links_gwanggu,카페마카리조,모던/깔끔|포토존/인스타,초콜릿/디저트특화,모임/단체|공부/작업,아늑함|쾌적함,예약/단체|시그니처/대표메뉴|주차가능|콘센트/와이파이
광주 광산구,gwangju_dessert_cafes_blog_links_gwanggu,카페봄봄 광주송정도산점,모던/깔끔|포토존/인스타|테라스/야외|뷰맛집|한옥/전통|정원/가든,초콜릿/디저트특화|쿠키/구움과자|브런치/샌드위치|베이커리/빵|아이스크림/젤라또|마카롱,브런치/식사|가족/키즈|데이트|드라이브/산책,힐링|아늑함|조용함|쾌적함,시그니처/대표메뉴|주차가능|테이크아웃|예약/단체
광주 광산구,gwangju_dessert_cafes_blog_links_gwanggu,카하와,포토존/인스타,,,조용함|쾌적함|힐링,테이크아웃
광주 광산구,gwangju_dessert_cafes_blog_links_gwanggu,파티세리시즈널,포토존/인스타|모던/깔끔,초콜릿/디저트특화|쿠키/구움과자|케이크|베이커리/빵,모임/단체|공부/작업|가족/키즈|브런치/식사,조용함|쾌적함|아늑함|힐링,테이크아웃|주차가능|시그니처/대표메뉴|콘센트/와이파이
광주 광산구,gwangju_dessert_cafes_blog_links_gwanggu,휘게,포토존/인스타|뷰맛집|모던/깔끔|정원/가든,브런치/샌드위치|베이커리/빵|케이크|크레페/와플|아이스크림/젤라또,브런치/식사|모임/단체|공부/작업|가족/키즈,아늑함|조용함|힐링|쾌적함,시그니처/대표메뉴|주차가능|예약/단체|테이크아웃
광주 남구,gwangju_dessert_cafes_blog_links_namgu,BLCK,포토존/인스타|모던/깔끔|테라스/야외|루프탑|정원/가든|뷰맛집,초콜릿/디저트특화|베이커리/빵|쿠키/구움과자|케이크|크레페/와플|아이스크림/젤라또,공부/작업|데이트|가족/키즈|모임/단체,조용함|쾌적함|아늑함,주차가능|시그니처/대표메뉴|테이크아웃|예약/단체
광주 남구,gwangju_dessert_cafes_blog_links_namgu,달콤한썸띵,뷰맛집|모던/깔끔,,모임/단체|공부/작업|가족/키즈,아늑함|조용함,테이크아웃|예약/단체|시그니처/대표메뉴|주차가능
광주 남구,gwangju_dessert_cafes_blog_links_namgu,달콤허니,포토존/인스타|뷰맛집,쿠키/구움과자|베이커리/빵|빙수,모임/단체|반려견동반,쾌적함|힐링,시그니처/대표메뉴|예약/단체|반려견동반|테이크아웃
광주 남구,gwangju_dessert_cafes_blog_links_namgu,레파스 효천점,뷰맛집|대형카페|한옥/전통|포토존/인스타,베이커리/빵|쿠키/구움과자|초콜릿/디저트특화|케이크|브런치/샌드위치,브런치/식사|가족/키즈|드라이브/산책|데이트,조용함|쾌적함|아늑함,주차가능|시그니처/대표메뉴|키즈/유모차|테이크아웃
광주 남구,gwangju_dessert_cafes_blog_links_namgu,릴커피스탠드,포토존/인스타|빈티지/레트로|뷰맛집|한옥/전통|정원/가든,베이커리/빵|쿠키/구움과자|초콜릿/디저트특화|크레페/와플,데이트|드라이브/산책|가족/키즈|반려견동반,조용함|쾌적함|아늑함|힐링,주차가능|시그니처/대표메뉴|테이크아웃|예약/단체
광주 남구,gwangju_dessert_cafes_blog_links_namgu,무등,포토존/인스타|모던/깔끔|뷰맛집|대형카페|빈티지/레트로,베이커리/빵|쿠키/구움과자|케이크|초콜릿/디저트특화|브런치/샌드위치|마카롱,브런치/식사|모임/단체|가족/키즈|공부/작업,조용함|아늑함|쾌적함|힐링,주차가능|테이크아웃|시그니처/대표메뉴|예약/단체
광주 남구,gwangju_dessert_cafes_blog_links_namgu,별빛스푼 남구점,모던/깔끔,브런치/샌드위치|베이커리/빵,브런치/식사|모임/단체,아늑함,테이크아웃|예약/단체|주차가능|시그니처/대표메뉴
광주 남구,gwangju_dessert_cafes_blog_links_namgu,봉빙,뷰맛집|포토존/인스타|모던/깔끔|정원/가든,빙수|베이커리/빵|초콜릿/디저트특화|케이크|아이스크림/젤라또,브런치/식사|데이트|가족/키즈|모임/단체,쾌적함|아늑함|조용함,시그니처/대표메뉴|주차가능|예약/단체|테이크아웃
광주 남구,gwangju_dessert_cafes_blog_links_namgu,브룩빌즈,포토존/인스타|대형카페|테라스/야외|모던/깔끔|뷰맛집|정원/가든,브런치/샌드위치|아이스크림/젤라또|크레페/와플|초콜릿/디저트특화|베이커리/빵,브런치/식사|모임/단체|가족/키즈|데이트,조용함|아늑함|쾌적함|힐링,주차가능|예약/단체|시그니처/대표메뉴|키즈/유모차
광주 남구,gwangju_dessert_cafes_blog_links_namgu,빵브레,빈티지/레트로|포토존/인스타,베이커리/빵|쿠키/구움과자,모임/단체,조용함,예약/단체|시그니처/대표메뉴|테이크아웃
광주 남구,gwangju_dessert_cafes_blog_links_namgu,설빙 광주진월점,,초콜릿/디저트특화|빙수|아이스크림/젤라또|베이커리/빵,가족/키즈|데이트,쾌적함|조용함,주차가능|테이크아웃
광주 남구,gwangju_dessert_cafes_blog_links_namgu,설빙 봉선점,정원/가든|모던/깔끔,빙수|초콜릿/디저트특화|아이스크림/젤라또,가족/키즈|데이트|모임/단체|브런치/식사,쾌적함|활기/캐주얼|조용함,시그니처/대표메뉴|테이크아웃|예약/단체
광주 남구,gwangju_dessert_cafes_blog_links_namgu,소미담 광주진월점,한옥/전통|모던/깔끔|포토존/인스타|뷰맛집|빈티지/레트로|정원/가든,빙수|초콜릿/디저트특화|아이스크림/젤라또|베이커리/빵|케이크,가족/키즈|브런치/식사|공부/작업|데이트,조용함|쾌적함|아늑함|힐링,주차가능|시그니처/대표메뉴|테이크아웃|콘센트/와이파이
광주 남구,gwangju_dessert_cafes_blog_links_namgu,시니베이키,포토존/인스타|모던/깔끔|뷰맛집|정원/가든|테라스/야외,케이크|쿠키/구움과자|베이커리/빵|초콜릿/디저트특화,가족/키즈|공부/작업|브런치/식사|모임/단체,조용함|아늑함,시그니처/대표메뉴|주차가능|예약/단체|테이크아웃
광주 남구,gwangju_dessert_cafes_blog_links_namgu,아이언,루프탑|포토존/인스타|대형카페|테라스/야외|빈티지/레트로|모던/깔끔,브런치/샌드위치|초콜릿/디저트특화|케이크|아이스크림/젤라또|쿠키/구움과자|베이커리/빵,브런치/식사|반려견동반|데이트|가족/키즈,아늑함|조용함|힐링|쾌적함,주차가능|시그니처/대표메뉴|반려견동반|예약/단체
광주 남구,gwangju_dessert_cafes_blog_links_namgu,아필코 브런치카페 광주봉선점,포토존/인스타|모던/깔끔|뷰맛집|빈티지/레트로|테라스/야외|한옥/전통,브런치/샌드위치|케이크|베이커리/빵|쿠키/구움과자|크레페/와플,브런치/식사|모임/단체|데이트|가족/키즈,힐링|아늑함|쾌적함,주차가능|예약/단체|시그니처/대표메뉴|테이크아웃
광주 남구,gwangju_dessert_cafes_blog_links_namgu,암브로시아,한옥/전통|테라스/야외|포토존/인스타|빈티지/레트로|뷰맛집|모던/깔끔,베이커리/빵|케이크|쿠키/구움과자|브런치/샌드위치,가족/키즈|공부/작업|데이트|브런치/식사,조용함|아늑함|힐링|쾌적함,시그니처/대표메뉴|주차가능|키즈/유모차|테이크아웃
광주 남구,gwangju_dessert_cafes_blog_links_namgu,요거트월드 광주진월점,포토존/인스타,아이스크림/젤라또|베이커리/빵,,,예약/단체|테이크아웃
광주 남구,gwangju_dessert_cafes_blog_links_namgu,욘더스콘,포토존/인스타|모던/깔끔|빈티지/레트로|뷰맛집,쿠키/구움과자|초콜릿/디저트특화|베이커리/빵|케이크,모임/단체|가족/키즈|데이트|브런치/식사,조용함|아늑함|쾌적함,주차가능|시그니처/대표메뉴|테이크아웃|예약/단체
광주 남구,gwangju_dessert_cafes_blog_links_namgu,카페드포레,정원/가든|테라스/야외|모던/깔끔|포토존/인스타|뷰맛집|한옥/전통,베이커리/빵|브런치/샌드위치|케이크,브런치/식사|데이트|드라이브/산책,힐링|조용함|쾌적함|아늑함,주차가능|시그니처/대표메뉴
광주 남구,gwangju_dessert_cafes_blog_links_namgu,카페레이즈,모던/깔끔|뷰맛집|포토존/인스타,브런치/샌드위치|베이커리/빵,브런치/식사|가족/키즈,쾌적함|조용함|힐링,테이크아웃|시그니처/대표메뉴|예약/단체|키즈/유모차
광주 남구,gwangju_dessert_cafes_blog_links_namgu,쿼카커피,포토존/인스타|뷰맛집|빈티지/레트로|테라스/야외,케이크|쿠키/구움과자|초콜릿/디저트특화|베이커리/빵,가족/키즈|모임/단체,아늑함,주차가능|키즈/유모차|시그니처/대표메뉴|예약/단체
광주 남구,gwangju_dessert_cafes_blog_links_namgu,태홈,한옥/전통|뷰맛집|루프탑|대형카페|포토존/인스타|빈티지/레트로,쿠키/구움과자,모임/단체|가족/키즈|드라이브/산책|공부/작업,아늑함|조용함|힐링|쾌적함,예약/단체|시그니처/대표메뉴|주차가능|키즈/유모차
광주 남구,gwangju_dessert_cafes_blog_links_namgu,티라미뚜,포토존/인스타|뷰맛집|모던/깔끔|한옥/전통,케이크|초콜릿/디저트특화|베이커리/빵|쿠키/구움과자|아이스크림/젤라또,가족/키즈|데이트|브런치/식사|반려견동반,조용함|아늑함|힐링,주차가능|시그니처/대표메뉴|예약/단체|테이크아웃
광주 남구,gwangju_dessert_cafes_blog_links_namgu,파이프롬헤븐,포토존/인스타|모던/깔끔,쿠키/구움과자|베이커리/빵,모임/단체|가족/키즈,아늑함,예약/단체|시그니처/대표메뉴|주차가능|테이크아웃
광주 남구,gwangju_dessert_cafes_blog_links_namgu,펭귄당,포토존/인스타|뷰맛집|모던/깔끔|대형카페|빈티지/레트로|정원/가든,베이커리/빵|브런치/샌드위치|쿠키/구움과자|초콜릿/디저트특화,브런치/식사|데이트|드라이브/산책|모임/단체,조용함|아늑함|힐링|쾌적함,주차가능|시그니처/대표메뉴|테이크아웃|예약/단체
광주 남구,gwangju_dessert_cafes_blog_links_namgu,포르피노,대형카페|뷰맛집|포토존/인스타|모던/깔끔|정원/가든|빈티지/레트로,베이커리/빵|브런치/샌드위치|쿠키/구움과자|초콜릿/디저트특화,모임/단체|데이트|브런치/식사|가족/키즈,쾌적함|힐링|아늑함|조용함,주차가능|시그니처/대표메뉴|예약/단체|테이크아웃
광주 남구,gwangju_dessert_cafes_blog_links_namgu,푸른길카페,뷰맛집|포토존/인스타|빈티지/레트로|테라스/야외|정원/가든,초콜릿/디저트특화,드라이브/산책,힐링|조용함,주차가능
광주 남구,gwangju_dessert_cafes_blog_links_namgu,프렌치버터하우스,포토존/인스타|테라스/야외|정원/가든|뷰맛집|빈티지/레트로|한옥/전통,브런치/샌드위치|베이커리/빵|쿠키/구움과자|케이크|크레페/와플,브런치/식사|모임/단체|가족/키즈|데이트,조용함|아늑함|힐링,주차가능|시그니처/대표메뉴|예약/단체|테이크아웃
광주 남구,gwangju_dessert_cafes_blog_links_namgu,화채업자,포토존/인스타|모던/깔끔|뷰맛집|테라스/야외|정원/가든|한옥/전통,빙수|크레페/와플|초콜릿/디저트특화|베이커리/빵|쿠키/구움과자|아이스크림/젤라또,반려견동반|모임/단체|가족/키즈|공부/작업,조용함|쾌적함|아늑함,주차가능|시그니처/대표메뉴|반려견동반|예약/단체
광주 서구,gwangju_dessert_cafes_blog_links_seogu,노티드 광주상무점,포토존/인스타|뷰맛집|대형카페|정원/가든|루프탑|모던/깔끔,베이커리/빵|케이크|초콜릿/디저트특화|쿠키/구움과자|빙수,데이트|가족/키즈|드라이브/산책|모임/단체,조용함|쾌적함|아늑함|힐링,시그니처/대표메뉴|주차가능|테이크아웃|예약/단체
광주 서구,gwangju_dessert_cafes_blog_links_seogu,노티드 광주신세계점,정원/가든|뷰맛집|모던/깔끔|한옥/전통,베이커리/빵|초콜릿/디저트특화|케이크|쿠키/구움과자|브런치/샌드위치,모임/단체|가족/키즈,쾌적함|활기/캐주얼|아늑함,주차가능|시그니처/대표메뉴|예약/단체|테이크아웃
광주 서구,gwangju_dessert_cafes_blog_links_seogu,도지커피,대형카페|포토존/인스타|모던/깔끔|테라스/야외|뷰맛집,베이커리/빵|빙수,모임/단체|가족/키즈,조용함|쾌적함|아늑함|힐링,주차가능|시그니처/대표메뉴|예약/단체|테이크아웃
광주 서구,gwangju_dessert_cafes_blog_links_seogu,등화,포토존/인스타|뷰맛집|정원/가든|한옥/전통|모던/깔끔,초콜릿/디저트특화|케이크|베이커리/빵|쿠키/구움과자,가족/키즈|데이트|브런치/식사,조용함|쾌적함|아늑함,테이크아웃|시그니처/대표메뉴|주차가능|예약/단체
광주 서구,gwangju_dessert_cafes_blog_links_seogu,디저트바이문,테라스/야외|뷰맛집|정원/가든|포토존/인스타|모던/깔끔,케이크|쿠키/구움과자,가족/키즈|드라이브/산책,조용함|아늑함|힐링,테이크아웃|키즈/유모차|주차가능|시그니처/대표메뉴
광주 서구,gwangju_dessert_cafes_blog_links_seogu,라이크마이베이커리,대형카페|포토존/인스타|정원/가든|뷰맛집|테라스/야외,베이커리/빵|아이스크림/젤라또,가족/키즈|데이트,아늑함|쾌적함,주차가능|시그니처/대표메뉴
광주 서구,gwangju_dessert_cafes_blog_links_seogu,로렌베이커리카페,대형카페|뷰맛집|모던/깔끔|테라스/야외|포토존/인스타,베이커리/빵|케이크|브런치/샌드위치,가족/키즈|브런치/식사,조용함|아늑함,시그니처/대표메뉴|테이크아웃|주차가능
광주 서구,gwangju_dessert_cafes_blog_links_seogu,로지에,포토존/인스타|정원/가든|뷰맛집|한옥/전통|모던/깔끔,케이크|초콜릿/디저트특화|쿠키/구움과자,데이트|가족/키즈|공부/작업|드라이브/산책,조용함|힐링|아늑함|쾌적함,주차가능|시그니처/대표메뉴|예약/단체|테이크아웃
광주 서구,gwangju_dessert_cafes_blog_links_seogu,무난,포토존/인스타|정원/가든|뷰맛집|빈티지/레트로|대형카페|모던/깔끔,쿠키/구움과자|초콜릿/디저트특화|베이커리/빵|케이크,데이트|공부/작업|드라이브/산책|가족/키즈,조용함|아늑함|힐링|활기/캐주얼,주차가능|시그니처/대표메뉴|예약/단체|테이크아웃
광주 서구,gwangju_dessert_cafes_blog_links_seogu,무드165,포토존/인스타|모던/깔끔|뷰맛집|빈티지/레트로|테라스/야외,케이크|초콜릿/디저트특화|쿠키/구움과자|베이커리/빵|브런치/샌드위치,데이트|가족/키즈|모임/단체|브런치/식사,조용함|아늑함|쾌적함|힐링,주차가능|시그니처/대표메뉴|예약/단체|테이크아웃
광주 서구,gwangju_dessert_cafes_blog_links_seogu,바울카페,포토존/인스타|뷰맛집|테라스/야외|대형카페|빈티지/레트로|모던/깔끔,케이크|쿠키/구움과자|아이스크림/젤라또|초콜릿/디저트특화,반려견동반|데이트|가족/키즈|드라이브/산책,조용함|아늑함|쾌적함|힐링,반려견동반|주차가능|시그니처/대표메뉴|키즈/유모차
광주 서구,gwangju_dessert_cafes_blog_links_seogu,브리오슈,모던/깔끔|대형카페|테라스/야외|정원/가든|포토존/인스타,베이커리/빵|브런치/샌드위치,브런치/식사|가족/키즈|데이트|드라이브/산책,쾌적함|힐링|아늑함|조용함,주차가능|시그니처/대표메뉴|테이크아웃|반려견동반
광주 서구,gwangju_dessert_cafes_blog_links_seogu,블레스롤 광주상무점,포토존/인스타|대형카페|루프탑|모던/깔끔,케이크|아이스크림/젤라또,가족/키즈|모임/단체,조용함|쾌적함|아늑함,주차가능|예약/단체|시그니처/대표메뉴|테이크아웃
광주 서구,gwangju_dessert_cafes_blog_links_seogu,비비,포토존/인스타|모던/깔끔|뷰맛집|정원/가든|한옥/전통|테라스/야외,베이커리/빵,데이트|모임/단체|브런치/식사|가족/키즈,아늑함|힐링|쾌적함|조용함,시그니처/대표메뉴|주차가능|예약/단체|키즈/유모차
광주 서구,gwangju_dessert_cafes_blog_links_seogu,빈티지양동,빈티지/레트로|포토존/인스타|뷰맛집,아이스크림/젤라또|케이크,공부/작업|가족/키즈,조용함|아늑함|쾌적함,시그니처/대표메뉴|주차가능|키즈/유모차
광주 서구,gwangju_dessert_cafes_blog_links_seogu,삼복당,루프탑|정원/가든|포토존/인스타,베이커리/빵,모임/단체|드라이브/산책,조용함,주차가능|예약/단체|테이크아웃
광주 서구,gwangju_dessert_cafes_blog_links_seogu,설빙 광주동천점,,빙수,,,시그니처/대표메뉴|주차가능
광주 서구,gwangju_dessert_cafes_blog_links_seogu,설빙 광주화정점,정원/가든|한옥/전통|모던/깔끔|포토존/인스타,빙수|초콜릿/디저트특화|쿠키/구움과자|케이크|아이스크림/젤라또|크레페/와플,드라이브/산책|가족/키즈|모임/단체|데이트,쾌적함|아늑함,주차가능|시그니처/대표메뉴|테이크아웃|예약/단체
광주 서구,gwangju_dessert_cafes_blog_links_seogu,설빙 금호점,포토존/인스타,빙수|아이스크림/젤라또|케이크|쿠키/구움과자,브런치/식사|공부/작업,조용함|쾌적함,주차가능|콘센트/와이파이|시그니처/대표메뉴
광주 서구,gwangju_dessert_cafes_blog_links_seogu,슈가슈가슈가,포토존/인스타|뷰맛집|모던/깔끔,마카롱|쿠키/구움과자|초콜릿/디저트특화|케이크,가족/키즈,,테이크아웃|시그니처/대표메뉴|주차가능|키즈/유모차
광주 서구,gwangju_dessert_cafes_blog_links_seogu,슬라이폭스,포토존/인스타|테라스/야외|대형카페|뷰맛집|모던/깔끔|빈티지/레트로,케이크|베이커리/빵|쿠키/구움과자|초콜릿/디저트특화|아이스크림/젤라또,모임/단체|드라이브/산책|브런치/식사|데이트,조용함|쾌적함|아늑함|힐링,주차가능|시그니처/대표메뉴|예약/단체|테이크아웃
광주 서구,gwangju_dessert_cafes_blog_links_seogu,아싸롱,뷰맛집|포토존/인스타|모던/깔끔|빈티지/레트로,마카롱|초콜릿/디저트특화|케이크|쿠키/구움과자|베이커리/빵,가족/키즈|데이트|공부/작업|브런치/식사,조용함|아늑함|쾌적함|힐링,테이크아웃|주차가능|시그니처/대표메뉴|키즈/유모차
광주 서구,gwangju_dessert_cafes_blog_links_seogu,아우터베이크하우스,대형카페|포토존/인스타|뷰맛집|빈티지/레트로|정원/가든,케이크|초콜릿/디저트특화|베이커리/빵|쿠키/구움과자,드라이브/산책|가족/키즈|데이트|모임/단체,아늑함|힐링|조용함,시그니처/대표메뉴|주차가능|테이크아웃|키즈/유모차
광주 서구,gwangju_dessert_cafes_blog_links_seogu,에뜰담 베이커리앤커피,뷰맛집|포토존/인스타,베이커리/빵|브런치/샌드위치,브런치/식사|가족/키즈,조용함|힐링,주차가능|키즈/유모차|시그니처/대표메뉴
광주 서구,gwangju_dessert_cafes_blog_links_seogu,예예카페,모던/깔끔|포토존/인스타|정원/가든|한옥/전통|뷰맛집,베이커리/빵|브런치/샌드위치,브런치/식사|공부/작업|가족/키즈|데이트,아늑함|조용함|쾌적함|힐링,주차가능|시그니처/대표메뉴|예약/단체|콘센트/와이파이
광주 서구,gwangju_dessert_cafes_blog_links_seogu,오느래,포토존/인스타|뷰맛집|모던/깔끔|정원/가든|테라스/야외|빈티지/레트로,케이크|쿠키/구움과자|베이커리/빵|초콜릿/디저트특화|브런치/샌드위치,브런치/식사|공부/작업|드라이브/산책|모임/단체,아늑함|조용함|힐링|쾌적함,주차가능|예약/단체|테이크아웃|시그니처/대표메뉴
광주 서구,gwangju_dessert_cafes_blog_links_seogu,요거얌 서구점,포토존/인스타|뷰맛집,브런치/샌드위치|쿠키/구움과자|베이커리/빵,브런치/식사|모임/단체|가족/키즈|공부/작업,힐링|조용함|아늑함,예약/단체|시그니처/대표메뉴|주차가능|테이크아웃
광주 서구,gwangju_dessert_cafes_blog_links_seogu,요거트월드 쌍촌점,모던/깔끔|포토존/인스타,아이스크림/젤라또,,쾌적함,테이크아웃
광주 서구,gwangju_dessert_cafes_blog_links_seogu,자모크,포토존/인스타|빈티지/레트로|뷰맛집|모던/깔끔|테라스/야외|정원/가든,쿠키/구움과자|초콜릿/디저트특화|케이크|베이커리/빵,반려견동반|데이트|가족/키즈|모임/단체,아늑함|힐링|조용함,주차가능|시그니처/대표메뉴|반려견동반|테이크아웃
광주 서구,gwangju_dessert_cafes_blog_links_seogu,주르르케이크,포토존/인스타|뷰맛집|모던/깔끔|대형카페,케이크|쿠키/구움과자|초콜릿/디저트특화|베이커리/빵,공부/작업|모임/단체|가족/키즈|데이트,조용함|아늑함|쾌적함|힐링,시그니처/대표메뉴|테이크아웃|주차가능|예약/단체
광주 서구,gwangju_dessert_cafes_blog_links_seogu,차우린카페,한옥/전통|정원/가든|포토존/인스타|빈티지/레트로,,모임/단체|데이트|가족/키즈|공부/작업,힐링|아늑함|조용함,예약/단체|시그니처/대표메뉴|주차가능|키즈/유모차
광주 서구,gwangju_dessert_cafes_blog_links_seogu,카페아리아,대형카페|정원/가든|뷰맛집|포토존/인스타|한옥/전통|테라스/야외,브런치/샌드위치|아이스크림/젤라또|크레페/와플|베이커리/빵|초콜릿/디저트특화|케이크,모임/단체|브런치/식사|가족/키즈|반려견동반,아늑함|조용함|쾌적함|힐링,주차가능|예약/단체|반려견동반|시그니처/대표메뉴
광주 서구,gwangju_dessert_cafes_blog_links_seogu,카페올모,대형카페|뷰맛집|포토존/인스타,베이커리/빵|쿠키/구움과자|초콜릿/디저트특화,가족/키즈,조용함|쾌적함,주차가능|키즈/유모차
광주 서구,gwangju_dessert_cafes_blog_links_seogu,케이크히어,포토존/인스타|모던/깔끔,케이크|초콜릿/디저트특화|아이스크림/젤라또|베이커리/빵|크레페/와플|브런치/샌드위치,가족/키즈,조용함|쾌적함,주차가능|테이크아웃|키즈/유모차|예약/단체
광주 서구,gwangju_dessert_cafes_blog_links_seogu,크로하우스 광주서구점,포토존/인스타|정원/가든|뷰맛집|모던/깔끔,케이크|크레페/와플|초콜릿/디저트특화|베이커리/빵,가족/키즈|모임/단체|반려견동반|데이트,조용함|힐링,예약/단체|테이크아웃|주차가능|시그니처/대표메뉴
광주 서구,gwangju_dessert_cafes_blog_links_seogu,클레망,대형카페|정원/가든|뷰맛집|포토존/인스타|테라스/야외|모던/깔끔,베이커리/빵|쿠키/구움과자|케이크|브런치/샌드위치|초콜릿/디저트특화|아이스크림/젤라또,브런치/식사|반려견동반|드라이브/산책|공부/작업,쾌적함|조용함|힐링|아늑함,주차가능|시그니처/대표메뉴|반려견동반|테이크아웃
광주 서구,gwangju_dessert_cafes_blog_links_seogu,퍼니스 카페앤라운지,대형카페|정원/가든|테라스/야외|포토존/인스타|한옥/전통|뷰맛집,베이커리/빵|브런치/샌드위치|아이스크림/젤라또|케이크|빙수|쿠키/구움과자,브런치/식사|가족/키즈|모임/단체|데이트,조용함|쾌적함|아늑함,주차가능|예약/단체|테이크아웃|시그니처/대표메뉴
광주 서구,gwangju_dessert_cafes_blog_links_seogu,헤이블루,테라스/야외|정원/가든|포토존/인스타|대형카페|모던/깔끔|뷰맛집,브런치/샌드위치|베이커리/빵|케이크|쿠키/구움과자|아이스크림/젤라또|빙수,반려견동반|브런치/식사|가족/키즈|모임/단체,아늑함|힐링|쾌적함|조용함,반려견동반|주차가능|예약/단체|시그니처/대표메뉴
광주 서구,gwangju_dessert_cafes_blog_links_seogu,휘플링,포토존/인스타|뷰맛집,케이크|초콜릿/디저트특화|마카롱,,조용함,예약/단체|테이크아웃|주차가능|시그니처/대표메뉴
화순,hwasun_dessert_cafes_blog_links,계수나무 토끼한마리,정원/가든|한옥/전통|포토존/인스타|뷰맛집|테라스/야외|모던/깔끔,쿠키/구움과자|베이커리/빵|빙수|케이크|초콜릿/디저트특화|브런치/샌드위치,드라이브/산책|가족/키즈|모임/단체|데이트,아늑함|힐링|조용함|쾌적함,주차가능|시그니처/대표메뉴|예약/단체|테이크아웃
화순,hwasun_dessert_cafes_blog_links,고구려,한옥/전통|테라스/야외|정원/가든|빈티지/레트로|뷰맛집|포토존/인스타,베이커리/빵|초콜릿/디저트특화|빙수|쿠키/구움과자,가족/키즈|반려견동반|드라이브/산책|모임/단체,힐링|조용함|아늑함|쾌적함,반려견동반|시그니처/대표메뉴|주차가능|키즈/유모차
화순,hwasun_dessert_cafes_blog_links,도곡생과일모찌,뷰맛집|한옥/전통,초콜릿/디저트특화,드라이브/산책|모임/단체,조용함,주차가능|시그니처/대표메뉴|테이크아웃|예약/단체
화순,hwasun_dessert_cafes_blog_links,도곡에서,대형카페|테라스/야외|포토존/인스타|정원/가든|모던/깔끔|루프탑,빙수,반려견동반|가족/키즈|드라이브/산책|모임/단체,조용함|쾌적함,반려견동반|주차가능|예약/단체|테이크아웃
화순,hwasun_dessert_cafes_blog_links,뒤란,정원/가든|포토존/인스타|뷰맛집|테라스/야외|대형카페|한옥/전통,빙수|케이크|베이커리/빵|쿠키/구움과자,드라이브/산책|가족/키즈|모임/단체|공부/작업,힐링|쾌적함|아늑함|조용함,주차가능|시그니처/대표메뉴|예약/단체|테이크아웃
화순,hwasun_dessert_cafes_blog_links,라미과자점,포토존/인스타|뷰맛집|모던/깔끔|정원/가든|빈티지/레트로|대형카페,베이커리/빵|쿠키/구움과자|케이크|초콜릿/디저트특화|브런치/샌드위치,가족/키즈|모임/단체|드라이브/산책|데이트,힐링|아늑함|조용함|쾌적함,주차가능|시그니처/대표메뉴|예약/단체|키즈/유모차
화순,hwasun_dessert_cafes_blog_links,레브아로,뷰맛집|포토존/인스타|정원/가든|루프탑|테라스/야외|모던/깔끔,브런치/샌드위치|베이커리/빵|빙수|케이크|쿠키/구움과자|초콜릿/디저트특화,브런치/식사|드라이브/산책|가족/키즈|데이트,힐링|아늑함|쾌적함|조용함,주차가능|시그니처/대표메뉴|예약/단체|콘센트/와이파이
화순,hwasun_dessert_cafes_blog_links,백아,뷰맛집|정원/가든|포토존/인스타|대형카페|테라스/야외|모던/깔끔,베이커리/빵|아이스크림/젤라또|쿠키/구움과자,드라이브/산책|가족/키즈|브런치/식사|데이트,조용함|힐링|아늑함|쾌적함,시그니처/대표메뉴|주차가능|키즈/유모차|예약/단체
화순,hwasun_dessert_cafes_blog_links,버블민,대형카페|포토존/인스타|뷰맛집|모던/깔끔|테라스/야외|정원/가든,베이커리/빵|아이스크림/젤라또|쿠키/구움과자|케이크|초콜릿/디저트특화|브런치/샌드위치,드라이브/산책|가족/키즈|데이트|브런치/식사,조용함|쾌적함|아늑함|힐링,주차가능|시그니처/대표메뉴|예약/단체|키즈/유모차
화순,hwasun_dessert_cafes_blog_links,베이시스커피,대형카페|테라스/야외|뷰맛집|정원/가든|포토존/인스타,케이크,드라이브/산책|가족/키즈,조용함|활기/캐주얼|쾌적함|아늑함,주차가능|시그니처/대표메뉴|키즈/유모차
화순,hwasun_dessert_cafes_blog_links,베이커리카페도곡76,테라스/야외|뷰맛집|정원/가든|포토존/인스타|모던/깔끔,베이커리/빵|쿠키/구움과자|케이크,드라이브/산책,쾌적함,주차가능|시그니처/대표메뉴
화순,hwasun_dessert_cafes_blog_links,보러카페,대형카페|포토존/인스타|테라스/야외|정원/가든|뷰맛집|모던/깔끔,베이커리/빵|아이스크림/젤라또|쿠키/구움과자|빙수|크레페/와플|케이크,드라이브/산책|반려견동반|가족/키즈|모임/단체,쾌적함|힐링,반려견동반|주차가능|시그니처/대표메뉴|예약/단체
화순,hwasun_dessert_cafes_blog_links,부덕커피로스터스,정원/가든|포토존/인스타|대형카페|모던/깔끔|빈티지/레트로|테라스/야외,베이커리/빵|케이크|쿠키/구움과자|브런치/샌드위치|초콜릿/디저트특화,반려견동반|모임/단체|드라이브/산책|공부/작업,조용함|아늑함|쾌적함|힐링,주차가능|반려견동반|예약/단체|시그니처/대표메뉴
화순,hwasun_dessert_cafes_blog_links,빙동댕 화순점,정원/가든|뷰맛집,빙수|크레페/와플|초콜릿/디저트특화|베이커리/빵|쿠키/구움과자|케이크,가족/키즈|드라이브/산책|데이트,,주차가능|테이크아웃|키즈/유모차
화순,hwasun_dessert_cafes_blog_links,빛과소금,정원/가든|포토존/인스타|뷰맛집|한옥/전통,,데이트|브런치/식사,아늑함,주차가능|시그니처/대표메뉴
화순,hwasun_dessert_cafes_blog_links,솔로투 본점,테라스/야외|포토존/인스타|대형카페|한옥/전통|정원/가든|뷰맛집,초콜릿/디저트특화|베이커리/빵,드라이브/산책|가족/키즈|데이트|모임/단체,아늑함|힐링|쾌적함|조용함,주차가능|시그니처/대표메뉴|키즈/유모차|예약/단체
화순,hwasun_dessert_cafes_blog_links,수만리커피,뷰맛집|정원/가든|포토존/인스타|빈티지/레트로|테라스/야외|모던/깔끔,베이커리/빵|쿠키/구움과자,드라이브/산책|가족/키즈|브런치/식사|반려견동반,조용함|힐링|쾌적함|아늑함,주차가능|시그니처/대표메뉴|반려견동반|예약/단체
화순,hwasun_dessert_cafes_blog_links,스타벅스 전남화순DT점,정원/가든|뷰맛집|포토존/인스타|한옥/전통|모던/깔끔,브런치/샌드위치|베이커리/빵|케이크,드라이브/산책|공부/작업|브런치/식사|모임/단체,조용함|힐링|쾌적함|아늑함,주차가능|예약/단체|시그니처/대표메뉴
화순,hwasun_dessert_cafes_blog_links,알메로 커피 앤 브런치,대형카페|테라스/야외|정원/가든|모던/깔끔|포토존/인스타|뷰맛집,브런치/샌드위치|케이크|쿠키/구움과자|초콜릿/디저트특화|베이커리/빵|아이스크림/젤라또,브런치/식사|반려견동반|가족/키즈|드라이브/산책,아늑함|쾌적함|힐링|조용함,반려견동반|주차가능|키즈/유모차|시그니처/대표메뉴
화순,hwasun_dessert_cafes_blog_links,알바트로스,정원/가든|대형카페,,브런치/식사|가족/키즈,조용함,주차가능
화순,hwasun_dessert_cafes_blog_links,약산제빵소,대형카페|정원/가든|루프탑|테라스/야외|포토존/인스타|모던/깔끔,베이커리/빵|케이크|쿠키/구움과자|초콜릿/디저트특화,모임/단체|가족/키즈|브런치/식사|드라이브/산책,아늑함|쾌적함|힐링|조용함,주차가능|시그니처/대표메뉴|예약/단체|테이크아웃
화순,hwasun_dessert_cafes_blog_links,엄지빈,포토존/인스타|뷰맛집|모던/깔끔|한옥/전통|정원/가든|대형카페,빙수|초콜릿/디저트특화|쿠키/구움과자,드라이브/산책|가족/키즈|공부/작업|모임/단체,조용함|아늑함|쾌적함|힐링,주차가능|시그니처/대표메뉴|콘센트/와이파이|예약/단체
화순,hwasun_dessert_cafes_blog_links,열두시오분,정원/가든|모던/깔끔|포토존/인스타,,드라이브/산책|데이트|모임/단체|가족/키즈,힐링|아늑함|조용함|쾌적함,예약/단체|주차가능|시그니처/대표메뉴
화순,hwasun_dessert_cafes_blog_links,오성356,포토존/인스타|모던/깔끔|한옥/전통|뷰맛집,브런치/샌드위치|베이커리/빵,브런치/식사|가족/키즈|드라이브/산책,아늑함,주차가능|시그니처/대표메뉴|키즈/유모차
화순,hwasun_dessert_cafes_blog_links,오코25,뷰맛집|정원/가든|테라스/야외|포토존/인스타|모던/깔끔|한옥/전통,브런치/샌드위치|쿠키/구움과자,브런치/식사|데이트|드라이브/산책|가족/키즈,조용함|쾌적함|힐링|아늑함,시그니처/대표메뉴|주차가능|테이크아웃|예약/단체
화순,hwasun_dessert_cafes_blog_links,오펜스 파트2,정원/가든|뷰맛집|한옥/전통,아이스크림/젤라또|베이커리/빵|쿠키/구움과자|초콜릿/디저트특화,반려견동반|드라이브/산책|가족/키즈|모임/단체,조용함|힐링,반려견동반|시그니처/대표메뉴|주차가능|예약/단체
화순,hwasun_dessert_cafes_blog_links,원즈데이,포토존/인스타|모던/깔끔,쿠키/구움과자|브런치/샌드위치,데이트|브런치/식사,힐링,주차가능|시그니처/대표메뉴|테이크아웃
화순,hwasun_dessert_cafes_blog_links,잠정리605,뷰맛집|한옥/전통|정원/가든|포토존/인스타|테라스/야외|모던/깔끔,빙수|쿠키/구움과자|베이커리/빵|초콜릿/디저트특화|마카롱|아이스크림/젤라또,드라이브/산책|가족/키즈|반려견동반|공부/작업,조용함|아늑함|쾌적함|힐링,시그니처/대표메뉴|주차가능|반려견동반|테이크아웃
화순,hwasun_dessert_cafes_blog_links,카페 실크로드,대형카페,,모임/단체|가족/키즈,힐링|조용함,예약/단체|키즈/유모차
화순,hwasun_dessert_cafes_blog_links,카페게이트 화순안양산점,뷰맛집|정원/가든|포토존/인스타|대형카페|테라스/야외|모던/깔끔,브런치/샌드위치|베이커리/빵|크레페/와플|쿠키/구움과자|빙수|초콜릿/디저트특화,브런치/식사|가족/키즈|드라이브/산책|데이트,힐링|쾌적함|조용함|아늑함,주차가능|시그니처/대표메뉴|키즈/유모차|콘센트/와이파이
화순,hwasun_dessert_cafes_blog_links,카페달빛방앗간,대형카페|테라스/야외|뷰맛집|포토존/인스타|모던/깔끔|한옥/전통,베이커리/빵|빙수|브런치/샌드위치|초콜릿/디저트특화|아이스크림/젤라또|쿠키/구움과자,드라이브/산책|가족/키즈|데이트|브런치/식사,조용함|아늑함|힐링|쾌적함,주차가능|시그니처/대표메뉴|테이크아웃|예약/단체
화순,hwasun_dessert_cafes_blog_links,카페오메,정원/가든|포토존/인스타|모던/깔끔|뷰맛집,쿠키/구움과자|초콜릿/디저트특화|베이커리/빵,드라이브/산책|모임/단체|가족/키즈|데이트,조용함|아늑함|힐링,시그니처/대표메뉴|주차가능|예약/단체|테이크아웃
화순,hwasun_dessert_cafes_blog_links,카페자비화,모던/깔끔|한옥/전통,,가족/키즈,쾌적함|아늑함,주차가능|키즈/유모차
화순,hwasun_dessert_cafes_blog_links,카페포엠,대형카페|루프탑|뷰맛집|포토존/인스타|테라스/야외|모던/깔끔,베이커리/빵|아이스크림/젤라또|쿠키/구움과자|초콜릿/디저트특화,드라이브/산책|모임/단체|가족/키즈|반려견동반,쾌적함|아늑함|힐링,주차가능|시그니처/대표메뉴|예약/단체|테이크아웃
화순,hwasun_dessert_cafes_blog_links,커피다크빈스,대형카페|포토존/인스타|뷰맛집|모던/깔끔|테라스/야외,아이스크림/젤라또|베이커리/빵|쿠키/구움과자,데이트|모임/단체|가족/키즈|드라이브/산책,아늑함|조용함|쾌적함|힐링,주차가능|예약/단체|시그니처/대표메뉴|테이크아웃
화순,hwasun_dessert_cafes_blog_links,투썸플레이스 화순도곡점,테라스/야외|정원/가든,케이크,가족/키즈,쾌적함,주차가능|키즈/유모차
화순,hwasun_dessert_cafes_blog_links,투썸플레이스 화순동구리호수공원점,대형카페|뷰맛집|정원/가든|루프탑|모던/깔끔|테라스/야외,케이크|베이커리/빵|초콜릿/디저트특화|브런치/샌드위치|아이스크림/젤라또|빙수,드라이브/산책|가족/키즈|모임/단체|공부/작업,조용함|쾌적함|힐링|아늑함,주차가능|시그니처/대표메뉴|예약/단체|테이크아웃
화순,hwasun_dessert_cafes_blog_links,파인40,정원/가든|테라스/야외|대형카페|포토존/인스타|뷰맛집|모던/깔끔,베이커리/빵|아이스크림/젤라또|쿠키/구움과자|초콜릿/디저트특화,가족/키즈|드라이브/산책|반려견동반|모임/단체,쾌적함|힐링|조용함|아늑함,키즈/유모차|주차가능|반려견동반|시그니처/대표메뉴
화순,hwasun_dessert_cafes_blog_links,포레스트96,테라스/야외|포토존/인스타|루프탑|뷰맛집|정원/가든|모던/깔끔,브런치/샌드위치|빙수|쿠키/구움과자|케이크,브런치/식사|모임/단체|가족/키즈|드라이브/산책,조용함|힐링|아늑함|쾌적함,주차가능|예약/단체|시그니처/대표메뉴|키즈/유모차
화순,hwasun_dessert_cafes_blog_links,효산리정원,정원/가든|한옥/전통|포토존/인스타|뷰맛집|빈티지/레트로|테라스/야외,초콜릿/디저트특화,드라이브/산책|가족/키즈|데이트|브런치/식사,조용함|아늑함|힐링|쾌적함,주차가능|시그니처/대표메뉴|키즈/유모차
나주,naju_dessert_cafes_blog_links,5블럭,대형카페|뷰맛집|포토존/인스타|모던/깔끔|정원/가든|한옥/전통,베이커리/빵|쿠키/구움과자|케이크,드라이브/산책|공부/작업|데이트|모임/단체,조용함|아늑함|쾌적함|힐링,주차가능|시그니처/대표메뉴|테이크아웃|예약/단체
나주,naju_dessert_cafes_blog_links,강물위에 쓴 시,,,가족/키즈,,
나주,naju_dessert_cafes_blog_links,공간,포토존/인스타|빈티지/레트로|정원/가든|뷰맛집|한옥/전통|모던/깔끔,쿠키/구움과자|케이크|브런치/샌드위치|아이스크림/젤라또|빙수,반려견동반|데이트|모임/단체|브런치/식사,아늑함|조용함|힐링|쾌적함,반려견동반|시그니처/대표메뉴|예약/단체|주차가능
나주,naju_dessert_cafes_blog_links,그린테이블,포토존/인스타|모던/깔끔,브런치/샌드위치,브런치/식사,힐링|아늑함|조용함,예약/단체|주차가능|시그니처/대표메뉴
나주,naju_dessert_cafes_blog_links,더벤티 나주혁신점,모던/깔끔|한옥/전통,,,아늑함|활기/캐주얼|쾌적함,시그니처/대표메뉴|테이크아웃
나주,naju_dessert_cafes_blog_links,도도한,포토존/인스타|한옥/전통,마카롱|쿠키/구움과자|초콜릿/디저트특화|케이크|브런치/샌드위치|베이커리/빵,드라이브/산책,,주차가능
나주,naju_dessert_cafes_blog_links,동그라미테이블,모던/깔끔|뷰맛집|포토존/인스타|대형카페|정원/가든|한옥/전통,브런치/샌드위치|케이크|베이커리/빵|아이스크림/젤라또|크레페/와플,브런치/식사|반려견동반|가족/키즈|드라이브/산책,아늑함|쾌적함|조용함|힐링,반려견동반|주차가능|시그니처/대표메뉴|예약/단체
나주,naju_dessert_cafes_blog_links,디저트39 나주빛가람점,모던/깔끔|뷰맛집,케이크|베이커리/빵|초콜릿/디저트특화,모임/단체|브런치/식사,,테이크아웃|주차가능|시그니처/대표메뉴|예약/단체
나주,naju_dessert_cafes_blog_links,러스틱,포토존/인스타|모던/깔끔|대형카페|뷰맛집|정원/가든|한옥/전통,쿠키/구움과자|케이크|베이커리/빵|초콜릿/디저트특화,데이트|반려견동반|가족/키즈|모임/단체,조용함|아늑함|힐링|쾌적함,반려견동반|시그니처/대표메뉴|주차가능|키즈/유모차
나주,naju_dessert_cafes_blog_links,르몬 나주혁신점,모던/깔끔|포토존/인스타|뷰맛집|대형카페|빈티지/레트로|한옥/전통,베이커리/빵|아이스크림/젤라또|쿠키/구움과자|초콜릿/디저트특화|케이크|브런치/샌드위치,드라이브/산책|데이트|가족/키즈|모임/단체,조용함|힐링|아늑함|쾌적함,시그니처/대표메뉴|테이크아웃|주차가능|예약/단체
나주,naju_dessert_cafes_blog_links,리비에르,대형카페|뷰맛집|포토존/인스타|루프탑|테라스/야외|정원/가든,베이커리/빵|케이크|쿠키/구움과자|초콜릿/디저트특화,가족/키즈|드라이브/산책|데이트|반려견동반,조용함|쾌적함|힐링|아늑함,키즈/유모차|주차가능|시그니처/대표메뉴|반려견동반
나주,naju_dessert_cafes_blog_links,마마스롱,포토존/인스타|뷰맛집,마카롱|쿠키/구움과자,,조용함|활기/캐주얼|쾌적함,시그니처/대표메뉴|주차가능|테이크아웃|예약/단체
나주,naju_dessert_cafes_blog_links,브리즈,테라스/야외|뷰맛집|정원/가든|포토존/인스타,아이스크림/젤라또|케이크|쿠키/구움과자,모임/단체,쾌적함,주차가능|시그니처/대표메뉴|예약/단체
나주,naju_dessert_cafes_blog_links,블레스롤 나주혁신점,대형카페|뷰맛집|테라스/야외|모던/깔끔|포토존/인스타|정원/가든,아이스크림/젤라또|케이크|쿠키/구움과자|초콜릿/디저트특화,가족/키즈|모임/단체|드라이브/산책|브런치/식사,쾌적함|조용함|힐링|활기/캐주얼,주차가능|시그니처/대표메뉴|예약/단체|키즈/유모차
나주,naju_dessert_cafes_blog_links,비안,포토존/인스타|정원/가든|한옥/전통|뷰맛집,쿠키/구움과자,공부/작업|드라이브/산책|데이트,아늑함|조용함|힐링,주차가능|시그니처/대표메뉴|콘센트/와이파이
나주,naju_dessert_cafes_blog_links,비클래시,대형카페|뷰맛집|테라스/야외|포토존/인스타|모던/깔끔|정원/가든,베이커리/빵|쿠키/구움과자|초콜릿/디저트특화|케이크|브런치/샌드위치|아이스크림/젤라또,드라이브/산책|브런치/식사|데이트|가족/키즈,조용함|쾌적함|힐링|아늑함,주차가능|시그니처/대표메뉴|예약/단체|테이크아웃
나주,naju_dessert_cafes_blog_links,사모하다,포토존/인스타|뷰맛집|모던/깔끔|빈티지/레트로|정원/가든|대형카페,쿠키/구움과자|케이크|브런치/샌드위치|베이커리/빵|초콜릿/디저트특화,가족/키즈|브런치/식사|모임/단체,힐링|아늑함|조용함|쾌적함,시그니처/대표메뉴|예약/단체|주차가능|테이크아웃
나주,naju_dessert_cafes_blog_links,세컨플로어,뷰맛집|포토존/인스타|정원/가든,베이커리/빵|케이크|초콜릿/디저트특화|브런치/샌드위치|쿠키/구움과자|빙수,모임/단체|가족/키즈|드라이브/산책|공부/작업,아늑함|조용함,예약/단체|시그니처/대표메뉴|주차가능|키즈/유모차
나주,naju_dessert_cafes_blog_links,소나무카페,정원/가든|한옥/전통|대형카페|뷰맛집|빈티지/레트로|포토존/인스타,,반려견동반|모임/단체|드라이브/산책|가족/키즈,아늑함|힐링|조용함|쾌적함,반려견동반|시그니처/대표메뉴|주차가능|예약/단체
나주,naju_dessert_cafes_blog_links,솔레이유,뷰맛집|포토존/인스타|모던/깔끔,베이커리/빵|케이크|초콜릿/디저트특화|쿠키/구움과자|크레페/와플,드라이브/산책|반려견동반|모임/단체,조용함|쾌적함|아늑함,주차가능|반려견동반|시그니처/대표메뉴|예약/단체
나주,naju_dessert_cafes_blog_links,스윗데이즈,뷰맛집|포토존/인스타,베이커리/빵|쿠키/구움과자,가족/키즈,아늑함|조용함|힐링,주차가능|시그니처/대표메뉴|테이크아웃|예약/단체
나주,naju_dessert_cafes_blog_links,스테이케이션,대형카페|포토존/인스타|뷰맛집|정원/가든|빈티지/레트로|모던/깔끔,쿠키/구움과자|베이커리/빵|초콜릿/디저트특화|아이스크림/젤라또|크레페/와플|브런치/샌드위치,드라이브/산책|데이트|반려견동반|브런치/식사,아늑함|조용함|쾌적함|힐링,주차가능|시그니처/대표메뉴|반려견동반|예약/단체
나주,naju_dessert_cafes_blog_links,아띠당,포토존/인스타|모던/깔끔|뷰맛집|정원/가든|빈티지/레트로|한옥/전통,마카롱|초콜릿/디저트특화|케이크|쿠키/구움과자|베이커리/빵,모임/단체|드라이브/산책|브런치/식사|가족/키즈,조용함|아늑함|힐링|쾌적함,시그니처/대표메뉴|테이크아웃|예약/단체|주차가능
나주,naju_dessert_cafes_blog_links,어컵오브어데이,모던/깔끔|정원/가든|뷰맛집,케이크|초콜릿/디저트특화|베이커리/빵|쿠키/구움과자,가족/키즈|공부/작업,아늑함,주차가능|테이크아웃
나주,naju_dessert_cafes_blog_links,엔커피,포토존/인스타|뷰맛집|대형카페|모던/깔끔|한옥/전통,초콜릿/디저트특화,공부/작업|가족/키즈,아늑함|조용함|힐링|활기/캐주얼,시그니처/대표메뉴|주차가능|테이크아웃|키즈/유모차
나주,naju_dessert_cafes_blog_links,요거트아이스크림의정석 나주혁신점,,아이스크림/젤라또,,조용함,주차가능|시그니처/대표메뉴
나주,naju_dessert_cafes_blog_links,요거트월드 나주혁신점,포토존/인스타|모던/깔끔|뷰맛집,초콜릿/디저트특화|아이스크림/젤라또|베이커리/빵|쿠키/구움과자|케이크|브런치/샌드위치,데이트|가족/키즈|브런치/식사|공부/작업,조용함|힐링|아늑함,주차가능|시그니처/대표메뉴|테이크아웃|예약/단체
나주,naju_dessert_cafes_blog_links,욘더스콘 나주점,포토존/인스타|빈티지/레트로|대형카페|뷰맛집|모던/깔끔|정원/가든,쿠키/구움과자|초콜릿/디저트특화|케이크|베이커리/빵,공부/작업|데이트|드라이브/산책|모임/단체,조용함|아늑함|쾌적함,시그니처/대표메뉴|주차가능|테이크아웃|예약/단체
나주,naju_dessert_cafes_blog_links,월하당,대형카페|테라스/야외|정원/가든|뷰맛집|포토존/인스타|모던/깔끔,베이커리/빵|쿠키/구움과자|케이크|아이스크림/젤라또|초콜릿/디저트특화,반려견동반|가족/키즈|드라이브/산책|모임/단체,조용함|쾌적함|아늑함|힐링,반려견동반|시그니처/대표메뉴|주차가능|키즈/유모차
나주,naju_dessert_cafes_blog_links,유요거트 나주혁신점,모던/깔끔,,브런치/식사|가족/키즈,아늑함|힐링,시그니처/대표메뉴|주차가능|테이크아웃
나주,naju_dessert_cafes_blog_links,윤뜰,포토존/인스타|루프탑|대형카페|뷰맛집|정원/가든|모던/깔끔,브런치/샌드위치|베이커리/빵|케이크,브런치/식사|가족/키즈|모임/단체|드라이브/산책,아늑함|쾌적함|조용함|힐링,주차가능|시그니처/대표메뉴|예약/단체|키즈/유모차
나주,naju_dessert_cafes_blog_links,이수에카페,대형카페|뷰맛집|포토존/인스타|모던/깔끔|빈티지/레트로,마카롱|케이크|빙수|크레페/와플|쿠키/구움과자|아이스크림/젤라또,모임/단체|공부/작업|가족/키즈|데이트,조용함|힐링|아늑함|쾌적함,주차가능|시그니처/대표메뉴|예약/단체|콘센트/와이파이
나주,naju_dessert_cafes_blog_links,이화림,대형카페|정원/가든|뷰맛집|포토존/인스타|테라스/야외|모던/깔끔,베이커리/빵|쿠키/구움과자|초콜릿/디저트특화|브런치/샌드위치|케이크,드라이브/산책|가족/키즈|모임/단체|반려견동반,힐링|쾌적함|아늑함|조용함,주차가능|시그니처/대표메뉴|반려견동반|예약/단체
나주,naju_dessert_cafes_blog_links,자미로,포토존/인스타|뷰맛집|테라스/야외|한옥/전통|정원/가든|모던/깔끔,베이커리/빵|쿠키/구움과자,데이트|드라이브/산책,힐링|조용함|아늑함|쾌적함,주차가능|시그니처/대표메뉴|예약/단체|테이크아웃
나주,naju_dessert_cafes_blog_links,치오베이크,포토존/인스타|뷰맛집|빈티지/레트로|한옥/전통,쿠키/구움과자|케이크|초콜릿/디저트특화|베이커리/빵,가족/키즈|모임/단체|데이트,아늑함|조용함|힐링|쾌적함,주차가능|시그니처/대표메뉴|테이크아웃|예약/단체
나주,naju_dessert_cafes_blog_links,카페눈치 나주직영점,모던/깔끔|포토존/인스타|테라스/야외|한옥/전통|뷰맛집,케이크|베이커리/빵|초콜릿/디저트특화|쿠키/구움과자,반려견동반|데이트|가족/키즈|공부/작업,아늑함|조용함|활기/캐주얼|쾌적함,반려견동반|주차가능|시그니처/대표메뉴|콘센트/와이파이
나주,naju_dessert_cafes_blog_links,카페마당,정원/가든|한옥/전통|대형카페|테라스/야외|포토존/인스타|뷰맛집,케이크|마카롱|브런치/샌드위치|빙수|쿠키/구움과자|아이스크림/젤라또,드라이브/산책|브런치/식사|모임/단체|가족/키즈,조용함|힐링|쾌적함|아늑함,시그니처/대표메뉴|주차가능|예약/단체|키즈/유모차
나주,naju_dessert_cafes_blog_links,카페봄봄 나주역점,한옥/전통,크레페/와플|베이커리/빵|아이스크림/젤라또|초콜릿/디저트특화,가족/키즈,조용함,테이크아웃|시그니처/대표메뉴|키즈/유모차|주차가능
나주,naju_dessert_cafes_blog_links,카페염원,포토존/인스타|대형카페|빈티지/레트로|뷰맛집|모던/깔끔|테라스/야외,케이크|아이스크림/젤라또|초콜릿/디저트특화|쿠키/구움과자|베이커리/빵,가족/키즈|모임/단체|드라이브/산책,조용함|쾌적함|아늑함,시그니처/대표메뉴|예약/단체|주차가능|키즈/유모차
나주,naju_dessert_cafes_blog_links,카페이디엘,대형카페|뷰맛집|정원/가든|테라스/야외|빈티지/레트로|한옥/전통,베이커리/빵|크레페/와플,데이트|가족/키즈|드라이브/산책|모임/단체,힐링|아늑함|쾌적함|조용함,주차가능|키즈/유모차|시그니처/대표메뉴|테이크아웃
나주,naju_dessert_cafes_blog_links,카페일루이스,대형카페|한옥/전통,케이크|쿠키/구움과자,모임/단체|가족/키즈,힐링|아늑함,주차가능|예약/단체|시그니처/대표메뉴|테이크아웃
나주,naju_dessert_cafes_blog_links,카페정원,정원/가든|대형카페|포토존/인스타|뷰맛집|모던/깔끔|테라스/야외,브런치/샌드위치|베이커리/빵,브런치/식사|가족/키즈|반려견동반|드라이브/산책,아늑함|조용함|쾌적함|힐링,주차가능|반려견동반|키즈/유모차|예약/단체
나주,naju_dessert_cafes_blog_links,카페주노,정원/가든|모던/깔끔|테라스/야외|포토존/인스타|뷰맛집,빙수|아이스크림/젤라또|베이커리/빵,,아늑함,주차가능|시그니처/대표메뉴
나주,naju_dessert_cafes_blog_links,카페파밀리에,정원/가든|테라스/야외|루프탑|포토존/인스타|뷰맛집,베이커리/빵,드라이브/산책|모임/단체|데이트|가족/키즈,조용함|아늑함,테이크아웃|주차가능|시그니처/대표메뉴|예약/단체
나주,naju_dessert_cafes_blog_links,컴포즈커피 나주송월부영점,모던/깔끔|뷰맛집,,,아늑함|힐링|활기/캐주얼|쾌적함,시그니처/대표메뉴|예약/단체
나주,naju_dessert_cafes_blog_links,투벤,대형카페|정원/가든|뷰맛집|테라스/야외|포토존/인스타|모던/깔끔,베이커리/빵,반려견동반|드라이브/산책,아늑함|힐링|조용함,반려견동반|주차가능|시그니처/대표메뉴|테이크아웃
나주,naju_dessert_cafes_blog_links,투썸플레이스 나주호수공원점,뷰맛집|모던/깔끔,케이크|브런치/샌드위치,공부/작업|모임/단체|가족/키즈|브런치/식사,힐링|쾌적함|아늑함|조용함,주차가능|예약/단체|콘센트/와이파이|시그니처/대표메뉴
나주,naju_dessert_cafes_blog_links,풍정,대형카페|뷰맛집|테라스/야외|정원/가든|포토존/인스타|모던/깔끔,빙수|베이커리/빵|케이크|아이스크림/젤라또|쿠키/구움과자,반려견동반|드라이브/산책|데이트|모임/단체,쾌적함|힐링|조용함|아늑함,반려견동반|주차가능|시그니처/대표메뉴|예약/단체
나주,naju_dessert_cafes_blog_links,해이나주,한옥/전통|정원/가든|테라스/야외|포토존/인스타|뷰맛집|대형카페,쿠키/구움과자|케이크|베이커리/빵|초콜릿/디저트특화,가족/키즈|드라이브/산책|데이트|모임/단체,조용함|아늑함|힐링|쾌적함,주차가능|시그니처/대표메뉴|예약/단체|키즈/유모차
나주,naju_dessert_cafes_blog_links,헤일로로스터스,정원/가든|대형카페|뷰맛집,케이크|베이커리/빵|초콜릿/디저트특화|쿠키/구움과자,드라이브/산책|가족/키즈,아늑함|쾌적함,주차가능|시그니처/대표메뉴|테이크아웃
