카페id,카페이름,item(추정),price(원),raw,source,context
1089220253,BLCK,쿠키,3500,"3,500원",strict," 시럽 대신 알룰로스를 추가할 수 있답니다. 두바이 쫀득쿠키: 3,500원 두바이 딸기모찌롤: 12,000원 두바이 쫀득모찌빵: 8,00"
1089220253,BLCK,쿠키,12000,"12,000원",strict," 있답니다. 두바이 쫀득쿠키: 3,500원 두바이 딸기모찌롤: 12,000원 두바이 쫀득모찌빵: 8,000원 두바이 퀸아망샌드: 11,00"
1089220253,BLCK,케이크,8000,"8,000원",strict,"500원 두바이 딸기모찌롤: 12,000원 두바이 쫀득모찌빵: 8,000원 두바이 퀸아망샌드: 11,000원 두바이 수건케이크: 11,0"
1089220253,BLCK,케이크,11000,"11,000원",strict,",000원 두바이 쫀득모찌빵: 8,000원 두바이 퀸아망샌드: 11,000원 두바이 수건케이크: 11,000원 딸기 크레이프롤: 15,00"
1089220253,BLCK,케이크,15000,"15,000원",strict,",000원 두바이 수건케이크: 11,000원 딸기 크레이프롤: 15,000원 블랙 크로핀: 5,000~5,500원 소금빵: 5,000~8,"
1089220253,BLCK,소금빵,5500,"5,500원",strict,"0원 딸기 크레이프롤: 15,000원 블랙 크로핀: 5,000~5,500원 소금빵: 5,000~8,000원 디저트가 나오는 시간은 12시"
1089220253,BLCK,소금빵,8000,"8,000원",strict,"0원 블랙 크로핀: 5,000~5,500원 소금빵: 5,000~8,000원 디저트가 나오는 시간은 12시 30분! 저희가 2시 조금 넘는"
1089220253,BLCK,케이크,3500,"3,500원",strict," 8,000원 두바이 수건케이크 11,000원 두바이 쫀득쿠키 3,500원 말차크림소금빵 5,500원 두바이 쫀득모찌빵은 1개 남았더라구"
1089220253,BLCK,소금빵,9000,"9,000원",strict,"수량이 많이 남았었는데 사진에 잘 안보이네요 ㅜ_ㅜ 뺑오두바이 9,000원 두바이 소금빵 8,000원 두바이 종류 말고도 블랙크로핀이라는"
1089220253,BLCK,케이크,9000,"9,000원",strict," 저어엉말 미르스띤 것 같아요~~~ 제가 구매한 건 뺑오두바이 9,000원 두바이수건케이크 11,000원 두바이소금빵 8,000원 두바이"
1089220253,BLCK,아메리카노,8000,"8,000원",strict,"두바이 9,000원 두바이수건케이크 11,000원 두바이소금빵 8,000원 두바이쫀득모찌빵 8,000원 아메리카노 3,000 (take "
1089220253,BLCK,아메리카노,39000,"39,000원",strict,"찌빵 8,000원 아메리카노 3,000 (take out) 총 39,000원 썼고요..? 쫀득쿠키는 몇 번 먹어봐서 사려다가 참았구 쫀득쿠"
1089220253,BLCK,카다이프,8000,"8,000원",strict,"장해주시는 동안 아쉬운대로 내부 사진만 찍어봤어요 두바이소금빵 8,000원 비싼만큼 카다이프는 꽤 듬뿍 있는 편이고 사장님이 포장하실 때"
1089220253,BLCK,,9000,"9,000원",strict,"같은데 ㅜㅜ 결론 : 전체적으로 괜찮은데 안달다 뺑 오 두바이 9,000원 뺑 오 자체가 원래 만들기 힘든건지 크기에 비해서 엄청 비싸구"
1089220253,BLCK,소금빵,3500,"3,500원",strict,"면 더더욱 좋을 듯! 두바이 초콜릿 8,000 두바이 쫀득쿠키 3,500원 소금빵 3,000원 여름에 방문했는데 녹지 말라고 꼼꼼하게 포"
1089220253,BLCK,소금빵,3000,"3,000원",strict," 두바이 초콜릿 8,000 두바이 쫀득쿠키 3,500원 소금빵 3,000원 여름에 방문했는데 녹지 말라고 꼼꼼하게 포장해주심 약간의 인기"
1089220253,BLCK,,8000,"8,000원",strict," 초콜릿은 아기 미니 사진만큼이나 크기가 미니미함 근데 가격은 8,000원 (물론, 다른곳보다 저렴한 편임) 엄청 진한 초콜릿에 피스타치"
1089220253,BLCK,아메리카노,3000,"3,000원",strict,"메뉴판 BLCK 메뉴판 < 메뉴 간단 정리 > - 아메리카노 (3,000원) - 라떼류 (5,000원 ~ 6,000원) *시그니처메뉴 :"
1089220253,BLCK,아메리카노,5000,"5,000원",strict,"메뉴 간단 정리 > - 아메리카노 (3,000원) - 라떼류 (5,000원 ~ 6,000원) *시그니처메뉴 : 블랙크림라떼 (6,000원"
1089220253,BLCK,아메리카노,6000,"6,000원",strict,"> - 아메리카노 (3,000원) - 라떼류 (5,000원 ~ 6,000원) *시그니처메뉴 : 블랙크림라떼 (6,000원) - 티 종류 "
1089220253,BLCK,라떼,6000,"6,000원",strict,"5,000원 ~ 6,000원) *시그니처메뉴 : 블랙크림라떼 (6,000원) - 티 종류 (4,000원 ~ 6,000원) - 제로음료 ("
1089220253,BLCK,라떼,4000,"4,000원",strict," *시그니처메뉴 : 블랙크림라떼 (6,000원) - 티 종류 (4,000원 ~ 6,000원) - 제로음료 (4,000원 ~ 6,000원)"
1089220253,BLCK,,4000,"4,000원",strict,") - 티 종류 (4,000원 ~ 6,000원) - 제로음료 (4,000원 ~ 6,000원) - 옵션(샷 추가, 디카페인 등) (500원"
1089220253,BLCK,,6000,"6,000원",strict,"(4,000원 ~ 6,000원) - 제로음료 (4,000원 ~ 6,000원) - 옵션(샷 추가, 디카페인 등) (500원 ~ 800원) "
1089220253,BLCK,,500,500원,strict,"000원 ~ 6,000원) - 옵션(샷 추가, 디카페인 등) (500원 ~ 800원) BLCK 디저트 BLCK 디저트 블랙크로핀, 젤"
1089220253,BLCK,젤라또,800,800원,strict,"6,000원) - 옵션(샷 추가, 디카페인 등) (500원 ~ 800원) BLCK 디저트 BLCK 디저트 블랙크로핀, 젤라또, 조각케"
1089220253,BLCK,라떼,5500,"5,500원",strict,"갈 수는 없죠 메뉴&가격 블랙크림라떼(6,000원) 초콜릿라떼(5,500원) 인테리어는 완죤 깔끔+미니멀인데, 은근 힙해서 취향 제대로 "
1089220253,BLCK,,3000,"3,000원",strict,"에는 디저트 메뉴와 2, 3층 루프탑 안내, 그리고 블랙커피가 3,000원이라 적힌 현수막도 있다 Next image 내부로 들어가면 반"
1089220253,BLCK,케이크,5500,"5,500원",strict," 9,000원 두바이 수건케이크 11,000원 말차크림 소금빵 5,500원 청량마요 소금빵 5,500원 명란마요 소금빵 5,000원 딸기"
1089220253,BLCK,소금빵,5000,"5,000원",strict,"금빵 5,500원 청량마요 소금빵 5,500원 명란마요 소금빵 5,000원 딸기 크레이프롤 10,000원 블랙 크림라떼 6,000원 아메"
1089220253,BLCK,아메리카노,10000,"10,000원",strict,"금빵 5,500원 명란마요 소금빵 5,000원 딸기 크레이프롤 10,000원 블랙 크림라떼 6,000원 아메리카노 3,000원 등등 어우 "
1089220253,BLCK,소금빵,5000,"5,000",loose," 11,000원 딸기 크레이프롤: 15,000원 블랙 크로핀: 5,000~5,500원 소금빵: 5,000~8,000원 디저트가 나오는 "
1089220253,BLCK,아메리카노,3000,"3,000",loose,"바이소금빵 8,000원 두바이쫀득모찌빵 8,000원 아메리카노 3,000 (take out) 총 39,000원 썼고요..? 쫀득쿠키는 "
1089220253,BLCK,아메리카노,4000,"4,000",loose,"들어간 수건케이쿠 하나, 소금빵 하나를 픽해서 아이스아메리카노 4,000 아메리카노 4,000 두바이수건케이크11,000 청양마요소금빵"
1089220253,BLCK,아메리카노,5500,"5,500",loose,"아메리카노 4,000 두바이수건케이크11,000 청양마요소금빵 5,500 요로케 주문했어요 테이블이 많아보이지만 한 쪽 벽면이 유리라는"
1089220253,BLCK,카다이프,11000,"11,000",loose,".. 소금빵도 텁텁하지 않고 바삭쫄깃 그 자체 두바이수건케이크 11,000 수건케이크는 처음이라... 안에 카다이프와 크림, 두바이초콜릿"
1089220253,BLCK,소금빵,8000,"8,000",loose," 수도 있으니 SNS 참고하면 더더욱 좋을 듯! 두바이 초콜릿 8,000 두바이 쫀득쿠키 3,500원 소금빵 3,000원 여름에 방문했"
1089220253,BLCK,케이크,9000,"9,000",loose,"하고있어 실물로 구경할 수 있다 수건케이크 크런치딸기오레오 - 9,000￦ 딸기요거트 - 9,500￦ 두바이 - 10,000￦ 생딸기우"
1089220253,BLCK,케이크,9500,"9,500",loose,"있다 수건케이크 크런치딸기오레오 - 9,000￦ 딸기요거트 - 9,500￦ 두바이 - 10,000￦ 생딸기우유크림-9,000￦ Next"
1089220253,BLCK,피스타치오,8000,"8,000",loose,"럽대요.. 양림동 카페 BLCK에 다양한 디저트들 두바이소금빵(8,000) 위에 솔솔 뿌려진 피스타치오 이색 디저트인 두바이 퀸아망(9"
1089220253,BLCK,피스타치오,9000,"9,000",loose,"0) 위에 솔솔 뿌려진 피스타치오 이색 디저트인 두바이 퀸아망(9,000) 말차크림 소금빵(5,500) 청양마요 소금빵(5,500) 명"
1089220253,BLCK,소금빵,5500,"5,500",loose,"치오 이색 디저트인 두바이 퀸아망(9,000) 말차크림 소금빵(5,500) 청양마요 소금빵(5,500) 명란마요 소금빵(5,000) 그"
1189658939,레파스 효천점,마들렌,4000,"4,000원",strict,"어서 소금빵과 말차와 레몬 마들렌을 골랐어요. 가격은 소금빵은 4,000원 마들렌은 각각 3,000원 레파스 효천점 메뉴판이고요. 일행은"
1189658939,레파스 효천점,아메리카노,3000,"3,000원",strict,"마들렌을 골랐어요. 가격은 소금빵은 4,000원 마들렌은 각각 3,000원 레파스 효천점 메뉴판이고요. 일행은 아이스아메리카노(4,300"
1189658939,레파스 효천점,아메리카노,4300,"4,300원",strict,",000원 레파스 효천점 메뉴판이고요. 일행은 아이스아메리카노(4,300원) 저는 녹차라떼(5,500원)를 주문! 매장은 전반적으로 베이"
1189658939,레파스 효천점,아메리카노,5500,"5,500원",strict,"판이고요. 일행은 아이스아메리카노(4,300원) 저는 녹차라떼(5,500원)를 주문! 매장은 전반적으로 베이지 톤이라서 차분하고, 곳곳에"
1189658939,레파스 효천점,,18000,18000원,strict, 은 주차장이라 주차 어렵지 않아용 셀프바 &야채 무한 1인 -18000원 효천지구맛집 등촌본점은 인당 셀프바 18000원 입니다. 콩나
1038031449,릴커피스탠드,아메리카노,4000,"4,000원",strict,"새부터 고소하니 미쳤다... 굥이 Pick - 아이스아메리카노 4,000원 - 카푸치노 4,500원 - 소금빵 4,000원 비주얼은 일단"
1038031449,릴커피스탠드,아메리카노,4500,"4,500원",strict,". 굥이 Pick - 아이스아메리카노 4,000원 - 카푸치노 4,500원 - 소금빵 4,000원 비주얼은 일단 합격 ㅎㅎㅎ 소금빵 모양"
1038031449,릴커피스탠드,에스프레소,3000,"3,000원",strict," 말에 방문을 결정하게 되었습니다. 에스프레소 기반 에스프레소 3,000원 스트라파짜토 3,500원 버터라떼 6,000원 카페라떼 5,0"
1038031449,릴커피스탠드,에스프레소,3500,"3,500원",strict,"었습니다. 에스프레소 기반 에스프레소 3,000원 스트라파짜토 3,500원 버터라떼 6,000원 카페라떼 5,000원 바닐라라떼 5,50"
1038031449,릴커피스탠드,에스프레소,6000,"6,000원",strict,"기반 에스프레소 3,000원 스트라파짜토 3,500원 버터라떼 6,000원 카페라떼 5,000원 바닐라라떼 5,500원 카푸치노 4,50"
1038031449,릴커피스탠드,카페라떼,5000,"5,000원",strict,"00원 스트라파짜토 3,500원 버터라떼 6,000원 카페라떼 5,000원 바닐라라떼 5,500원 카푸치노 4,500원 카페로렌지 (오렌"
1038031449,릴커피스탠드,카페라떼,5500,"5,500원",strict,"500원 버터라떼 6,000원 카페라떼 5,000원 바닐라라떼 5,500원 카푸치노 4,500원 카페로렌지 (오렌지향 라떼) 5,500원"
1038031449,릴커피스탠드,카페라떼,4500,"4,500원",strict,"000원 카페라떼 5,000원 바닐라라떼 5,500원 카푸치노 4,500원 카페로렌지 (오렌지향 라떼) 5,500원 프레소 시리즈 피치프"
1038031449,릴커피스탠드,라떼,5500,"5,500원",strict,"5,500원 카푸치노 4,500원 카페로렌지 (오렌지향 라떼) 5,500원 프레소 시리즈 피치프레소 (복숭아향 숏) 4,000원 레몬프레"
1038031449,릴커피스탠드,라떼,4000,"4,000원",strict," 라떼) 5,500원 프레소 시리즈 피치프레소 (복숭아향 숏) 4,000원 레몬프레소 4,000원 체리로그 (체리맛 숏커피) 4,000원"
1038031449,릴커피스탠드,,4000,"4,000원",strict,"레소 시리즈 피치프레소 (복숭아향 숏) 4,000원 레몬프레소 4,000원 체리로그 (체리맛 숏커피) 4,000원 기타 음료 착즙주스 6"
1038031449,릴커피스탠드,에스프레소,6500,"6,500원",strict,"커피) 4,000원 기타 음료 착즙주스 6,000원 프룻 펀치 6,500원 제제 (크림 에스프레소) 3,500원 유자베리에이드 6,000"
1038031449,릴커피스탠드,에이드,5000,"5,000원",strict,"스프레소) 3,500원 유자베리에이드 6,000원 레몬 샤베트 5,000원 콘파나 (아포가토 스타일) 3,500원 프레도 3,500원 아"
1038031449,릴커피스탠드,아메리카노,3500,"3,500원",strict,",000원 레몬 샤베트 5,000원 콘파나 (아포가토 스타일) 3,500원 프레도 3,500원 아메리카노 4,000원 흑임자 크림라떼 6"
1038031449,릴커피스탠드,아메리카노,6000,"6,000원",strict,"원 프레도 3,500원 아메리카노 4,000원 흑임자 크림라떼 6,000원 크림커피 6,000원 아인슈페너 6,000원 네이버 지도를 켜"
1038031449,릴커피스탠드,라떼,6000,"6,000원",strict," 흑임자 크림라떼 6,000원 크림커피 6,000원 아인슈페너 6,000원 네이버 지도를 켜고 광주 남구 갈만한 카페를 찾아보던 중, 남"
1038031449,릴커피스탠드,쿠키,3500,"3,500원",strict,"운동카페입니다 트레이에 주문한 음료와 디저트가 나왔습니다 제제 3,500원 프레도 3,500원 뺑오쇼콜라 5,000원 황치즈쿠키 4,50"
1038031449,릴커피스탠드,스콘,3500,"3,500원",strict,"에 주문한 음료와 디저트가 나왔습니다 제제 3,500원 프레도 3,500원 뺑오쇼콜라 5,000원 황치즈쿠키 4,500원 얼그레이 스콘 "
1038031449,릴커피스탠드,스콘,5000,"5,000원",strict,"가 나왔습니다 제제 3,500원 프레도 3,500원 뺑오쇼콜라 5,000원 황치즈쿠키 4,500원 얼그레이 스콘 4,500원 예쁜 인테리"
1038031449,릴커피스탠드,스콘,4500,"4,500원",strict,"500원 프레도 3,500원 뺑오쇼콜라 5,000원 황치즈쿠키 4,500원 얼그레이 스콘 4,500원 예쁜 인테리어에서 마시는 커피와 디"
1038031449,릴커피스탠드,에스프레소,4500,"4,500원",strict," 뺑오쇼콜라 5,000원 황치즈쿠키 4,500원 얼그레이 스콘 4,500원 예쁜 인테리어에서 마시는 커피와 디저트! 프레도는 에스프레소와"
cd2d9a909d5d,무등,아메리카노,3800,"3,800원",strict,"번째 방문했을때 매장에서 먹으려고 주문한 메뉴에요! 아메리카노 3,800원 아몬드라떼 5,500원 바질페스토소금빵 3,600원 츄러스소금"
cd2d9a909d5d,무등,아메리카노,5500,"5,500원",strict," 먹으려고 주문한 메뉴에요! 아메리카노 3,800원 아몬드라떼 5,500원 바질페스토소금빵 3,600원 츄러스소금빵 3,600원 후추소금"
cd2d9a909d5d,무등,아메리카노,3600,"3,600원",strict,"아메리카노 3,800원 아몬드라떼 5,500원 바질페스토소금빵 3,600원 츄러스소금빵 3,600원 후추소금빵 3,600원 감태전병소금빵"
cd2d9a909d5d,무등,소금빵,3600,"3,600원",strict,"몬드라떼 5,500원 바질페스토소금빵 3,600원 츄러스소금빵 3,600원 후추소금빵 3,600원 감태전병소금빵 4,600원 이건 첫 방"
cd2d9a909d5d,무등,소금빵,4600,"4,600원",strict,"츄러스소금빵 3,600원 후추소금빵 3,600원 감태전병소금빵 4,600원 이건 첫 방문때 포장했던 메뉴에요 가격이 조금 더 저렴했네요 "
cd2d9a909d5d,무등,소금빵,3800,"3,800원",strict,"장했던 메뉴에요 가격이 조금 더 저렴했네요 ㅎㅎ 감자베이컨치즈 3,800원 후추소금빵 3,000원 베이크 웰 타르트 6,000원 빠쟈작소"
cd2d9a909d5d,무등,소금빵,3000,"3,000원",strict,"조금 더 저렴했네요 ㅎㅎ 감자베이컨치즈 3,800원 후추소금빵 3,000원 베이크 웰 타르트 6,000원 빠쟈작소금빵 2,800원 Nex"
cd2d9a909d5d,무등,소금빵,6000,"6,000원",strict,"이컨치즈 3,800원 후추소금빵 3,000원 베이크 웰 타르트 6,000원 빠쟈작소금빵 2,800원 Next image 제가 앉아 있는 "
cd2d9a909d5d,무등,소금빵,2800,"2,800원",strict,"소금빵 3,000원 베이크 웰 타르트 6,000원 빠쟈작소금빵 2,800원 Next image 제가 앉아 있는 동안에도 손님이 여러팀 오"
cd2d9a909d5d,무등,케이크,8600,"8,600원",strict,"후추, 감자베이컨치즈’ 입니다-! 디저트 | 복숭아케이크 | (8,600원) 케이크 층마다 쌓여있는 복숭아는 물복에 가까우면서도 식감이 "
cd2d9a909d5d,무등,소금빵,3500,3500원,strict,대로 보면 그다지 저렴한 축에 속하지는 않는다. 기본 소금빵이 3500원에 최대 5800원까지 하는 가격선이라.. 하지만 카페 베이커리
cd2d9a909d5d,무등,소금빵,5800,5800원,strict,저렴한 축에 속하지는 않는다. 기본 소금빵이 3500원에 최대 5800원까지 하는 가격선이라.. 하지만 카페 베이커리로 치면 그렇게 비
cd2d9a909d5d,무등,,1500,1500원,strict,이 걸어서 5분거리에 있기때문에... 심지어 여기 호떡은 현금 1500원에 한개임. 광주 무등시장 무등쑥호떡 가성비호떡맛집 무등쑥호떡은
cd2d9a909d5d,무등,소금빵,4200,"4,200원",strict,"명한 감성 카페 내돈내산 마롱라떼 6,000원 히비스커스 유자 4,200원 바질페스토 소금빵 3,600원 감태전병소금빵 4,600원 매장"
cd2d9a909d5d,무등,아메리카노,3800,"3,800",loose," 에그타르트도 맛있다고 저는 1인 방문 기준 아이스 아메리카노 3,800 뺘자작 소금 빵 감태 전병소금빵(포장) 쪽파 크림치즈 소금 빵"
c0428afb968e,별빛스푼 남구점,파스타,700,700원,strict,"다는.. 영양소를 생각하기로 합니다..;;; 토핑으로 병아리콩(700원), 크래미(700원), 파스타면(2천원) 추가했어요. 그래도 "
2043219558,봉빙,,5000,"5,000원",strict,"즈별로 고를 수 있는 곳은 봉선동 봉빙이 처음이에요! S사이즈 5,000원 M싸이즈 8,500원 L 사이즈 11,500원 SML 사이즈 "
2043219558,봉빙,,8500,"8,500원",strict,"곳은 봉선동 봉빙이 처음이에요! S사이즈 5,000원 M싸이즈 8,500원 L 사이즈 11,500원 SML 사이즈 중 원하시는 걸 선택하"
2043219558,봉빙,,11500,"11,500원",strict,"이에요! S사이즈 5,000원 M싸이즈 8,500원 L 사이즈 11,500원 SML 사이즈 중 원하시는 걸 선택하신 후 원하는 토핑을 넣어"
2043219558,봉빙,빙수,14000,"14,000원",strict," 빙수 맛집 봉선동 신상 카페 봉빙 (2) 주문메뉴 한라봉빙 -14,000원 디카페인 더치커피 -3,000원 유자민트티-5,000원 디카페"
2043219558,봉빙,,3000,"3,000원",strict," (2) 주문메뉴 한라봉빙 -14,000원 디카페인 더치커피 -3,000원 유자민트티-5,000원 디카페인 더치커피 -3,000원 아메리"
2043219558,봉빙,아메리카노,5000,"5,000원",strict,"빙 -14,000원 디카페인 더치커피 -3,000원 유자민트티-5,000원 디카페인 더치커피 -3,000원 아메리카노 종류는 3가지가 있"
2043219558,봉빙,아메리카노,3000,"3,000원",strict,"커피 -3,000원 유자민트티-5,000원 디카페인 더치커피 -3,000원 아메리카노 종류는 3가지가 있습니다. 아메리카노 3천원 꿀아메"
2043219558,봉빙,아메리카노,3500,"3,500원",strict,"리카노 종류는 3가지가 있습니다. 아메리카노 3천원 꿀아메리카노3,500원 디카페인 3천원 골라골라 드시면 됩니다. 시럽넣어서 먹는 아메"
2043219558,봉빙,,1500,"1,500원",strict," 현미크런치, 아몬드슬라이스가 가득 올라가 있네요! 망고추가는 1,500원인데 이렇게 많은 양을 주시다니ㅠㅠ 정말 감동적입니다. 플레인요"
1713171715,브룩빌즈,파스타,8500,"8,500원",strict," 비빔밥, 파스타 등이 있음 현재 망고라떼는 할인하고 있음 * 8,500원 -> 7,500원 브룩빌즈는 1인 1메뉴는 필수이며 환경을 위"
1713171715,브룩빌즈,라떼,7500,"7,500원",strict,"등이 있음 현재 망고라떼는 할인하고 있음 * 8,500원 -> 7,500원 브룩빌즈는 1인 1메뉴는 필수이며 환경을 위해 일회용 컵은 이"
1713171715,브룩빌즈,스테이크,19000,"19,000원",strict," 불가능함 또한, 외부음식은 당연히 반입불가임!! 목살스테이크 19,000원 안심스테이크 비빔밥 17,000원 투움바파스타 16,500원 "
1713171715,브룩빌즈,스테이크,17000,"17,000원",strict," 반입불가임!! 목살스테이크 19,000원 안심스테이크 비빔밥 17,000원 투움바파스타 16,500원 영롱한 비주얼의 브런치 메뉴들이 차"
1713171715,브룩빌즈,스테이크,16500,"16,500원",strict," 19,000원 안심스테이크 비빔밥 17,000원 투움바파스타 16,500원 영롱한 비주얼의 브런치 메뉴들이 차르르 깔려있음 참고로, 음식"
1713171715,브룩빌즈,스테이크,13000,"13,000원",strict," 예쁘고 크로플도 유명하더라구요 크림파스타는 16,500 -> 13,000원 할인 중! 안심스테이크비빔밥 17,000원 상하이 파스타 16"
1713171715,브룩빌즈,아메리카노,19000,"19,000원",strict,"런치 맛집 임암동 카페 브룩빌즈 - 주문 내역 : 목살스테이크 19,000원 크림파스타(16,500->13,000) 아메리카노 5,000원"
1713171715,브룩빌즈,아메리카노,5000,"5,000원",strict,"9,000원 크림파스타(16,500->13,000) 아메리카노 5,000원 목살스테이크가 19,000원, 크림파스타는 원래 16,500원"
1713171715,브룩빌즈,아메리카노,16500,"16,500원",strict," 5,000원 목살스테이크가 19,000원, 크림파스타는 원래 16,500원이지만 할인 중이라 13,000원이었어요. 아메리카노는 5,00"
1713171715,브룩빌즈,아메리카노,13000,"13,000원",strict,",000원, 크림파스타는 원래 16,500원이지만 할인 중이라 13,000원이었어요. 아메리카노는 5,000원으로 브런치치고 적당한 가격이"
1713171715,브룩빌즈,브런치,18500,"18,500원",strict,"주 브런치 카페로 올 만한 곳이라는 걸 느꼈죠. 봉골레 파스타 18,500원 다른 파스타 집에서도 많이 먹어볼 수 있고 가정에서도 만들어 "
1713171715,브룩빌즈,스테이크,16500,"16,500",loose,"왔는데 여기 음료도 예쁘고 크로플도 유명하더라구요 크림파스타는 16,500 -> 13,000원 할인 중! 안심스테이크비빔밥 17,000원"
1713171715,브룩빌즈,아메리카노,15000,"15,000",loose,"하니! 놓치지 마세요. 주문내역 닭가슴살샐러드 -오일발사믹소스 15,000 투움바파스타 18,500 브런치 메뉴 1개당 아메리카노 한잔을"
1713171715,브룩빌즈,아메리카노,18500,"18,500",loose,"문내역 닭가슴살샐러드 -오일발사믹소스 15,000 투움바파스타 18,500 브런치 메뉴 1개당 아메리카노 한잔을 증정해주셔서 저희는 브런"
1713171715,브룩빌즈,아메리카노,16500,"16,500",loose,"룩빌즈 - 주문 내역 : 목살스테이크 19,000원 크림파스타(16,500->13,000) 아메리카노 5,000원 목살스테이크가 19,0"
1713171715,브룩빌즈,아메리카노,13000,"13,000",loose," 내역 : 목살스테이크 19,000원 크림파스타(16,500->13,000) 아메리카노 5,000원 목살스테이크가 19,000원, 크림파"
35507437,설빙 광주진월점,빙수,16500,"16,500원",strict," 잠시동안은 괜찮을 것 같습니다.. 설빙 두바이초코빙수 가격은 16,500원으로 전체적인 메뉴 중에서 높은편에 속하는 것 같아요 하지만 속"
2004138227,소미담 광주진월점,,1800,"1,800원",strict,"잔치나 행사 선물로 딱! 이겠더라구요 음식 인절미 (4psc) 1,800원 고구마 크림떡 1,600원 옥수수 크림떡 1,600원 밤 크림"
2004138227,소미담 광주진월점,,1600,"1,600원",strict,"겠더라구요 음식 인절미 (4psc) 1,800원 고구마 크림떡 1,600원 옥수수 크림떡 1,600원 밤 크림떡 1,700원 딸기요거트 "
2004138227,소미담 광주진월점,,1700,"1,700원",strict,"구마 크림떡 1,600원 옥수수 크림떡 1,600원 밤 크림떡 1,700원 딸기요거트 크림떡 1,700원 수정과 3,000원 미숫가루 ("
2004138227,소미담 광주진월점,,3000,"3,000원",strict," 밤 크림떡 1,700원 딸기요거트 크림떡 1,700원 수정과 3,000원 미숫가루 (우유) 3,500원 저희는 떡 4가지 종류를 골랐고"
2004138227,소미담 광주진월점,,3500,"3,500원",strict,"거트 크림떡 1,700원 수정과 3,000원 미숫가루 (우유) 3,500원 저희는 떡 4가지 종류를 골랐고, 딸기요거트 크림떡은 리뷰이벤"
2004138227,소미담 광주진월점,빙수,12900,"12,900원",strict,"푸른길 화장실을 이용해야합니다 제가 주문한 메뉴는 녹차 빙수 (12,900원) 앙금 절편 (1,200원) 고구마 크림떡 (1,600원) 딸"
2004138227,소미담 광주진월점,빙수,1200,"1,200원",strict," 제가 주문한 메뉴는 녹차 빙수 (12,900원) 앙금 절편 (1,200원) 고구마 크림떡 (1,600원) 딸기 요거트 크림떡 (1,70"
2004138227,소미담 광주진월점,초코,1600,"1,600원",strict," (12,900원) 앙금 절편 (1,200원) 고구마 크림떡 (1,600원) 딸기 요거트 크림떡 (1,700원) 초코 크림떡 (1,700"
2004138227,소미담 광주진월점,빙수,1700,"1,700원",strict,"200원) 고구마 크림떡 (1,600원) 딸기 요거트 크림떡 (1,700원) 초코 크림떡 (1,700원) 녹차 빙수에는 눈꽃빙수처럼 나오"
2004138227,소미담 광주진월점,아메리카노,1900,"1,900원",strict,"구입이 가능합니다. 광주떡카페 <소미담 광주진월점> 아메리카노 1,900원 두배리카노 3,200원 카페라떼 3,100원 바닐라라떼 3,9"
2004138227,소미담 광주진월점,아메리카노,3200,"3,200원",strict,"떡카페 <소미담 광주진월점> 아메리카노 1,900원 두배리카노 3,200원 카페라떼 3,100원 바닐라라떼 3,900원 초코라떼 3,50"
2004138227,소미담 광주진월점,아메리카노,3100,"3,100원",strict,"월점> 아메리카노 1,900원 두배리카노 3,200원 카페라떼 3,100원 바닐라라떼 3,900원 초코라떼 3,500원 딸기라떼 4,50"
2004138227,소미담 광주진월점,카페라떼,3900,"3,900원",strict,"00원 두배리카노 3,200원 카페라떼 3,100원 바닐라라떼 3,900원 초코라떼 3,500원 딸기라떼 4,500원 복숭아아이스티 3,"
2004138227,소미담 광주진월점,카페라떼,3500,"3,500원",strict,"200원 카페라떼 3,100원 바닐라라떼 3,900원 초코라떼 3,500원 딸기라떼 4,500원 복숭아아이스티 3,000원 미숫가루 3,"
2004138227,소미담 광주진월점,딸기라떼,4500,"4,500원",strict,"100원 바닐라라떼 3,900원 초코라떼 3,500원 딸기라떼 4,500원 복숭아아이스티 3,000원 미숫가루 3,000원 에이드 3,8"
2004138227,소미담 광주진월점,딸기라떼,3000,"3,000원",strict,"0원 초코라떼 3,500원 딸기라떼 4,500원 복숭아아이스티 3,000원 미숫가루 3,000원 에이드 3,800원 광주떡카페 <소미담 "
2004138227,소미담 광주진월점,에이드,3800,"3,800원",strict,"00원 복숭아아이스티 3,000원 미숫가루 3,000원 에이드 3,800원 광주떡카페 <소미담 광주진월점>에서는 정말 다양한 떡을 딱 한"
2004138227,소미담 광주진월점,,1400,"1,400원",strict,"가 있고 달콤하고 맛있었어요. 크림종류 떡은 아니지만 수리취떡(1,400원)이에요. 쑥향도 생각보다 많이 나고 씹는맛도 좋았어요. 우리쌀"
1220586248,시니베이키,케이크,38000,"38,000원",strict," 광주 시니베이키 제철과일생크림케이크 가격 ] 미니(2~3인) 38,000원, 1호(3~4인) 51,000원 2호(4~5인) 61,000원"
1273623215,아이언,아메리카노,5800,"5,800원",strict,"카라멜 크림라떼 6.5 벌꿀 말렌호두 케이크 5.0 아인슈페너 5,800원 아이언 바리스타 추천스페셜커피 진한아메리카노 위에 수제바닐라빈"
1273623215,아이언,라떼,6500,"6,500원",strict," 않아서 크림과 아주 잘 어울렸습니다. 솔티드 캐러멜 크림라떼 6,500원 천일염과 수제카라멜시럽을 꾸덕하게 크림으로 쳐내고 진한 돌체베"
1273623215,아이언,아메리카노,7500,"7,500원",strict," 이것저것 먹어봐도 괜찮을 것 같아요!! 복숭아 우롱 아이스티 7,500원 아이스아메리카노 4,500원 프렌치 초코 스퀘어 케이크 7,2"
1273623215,아이언,아메리카노,4500,"4,500원",strict," 같아요!! 복숭아 우롱 아이스티 7,500원 아이스아메리카노 4,500원 프렌치 초코 스퀘어 케이크 7,200원 사동카페 아이언은 진짜"
1273623215,아이언,아메리카노,7200,"7,200원",strict,"00원 아이스아메리카노 4,500원 프렌치 초코 스퀘어 케이크 7,200원 사동카페 아이언은 진짜 엄청 넓었는데요 무려 1층부터 3층 루"
1273623215,아이언,바닐라,6000,"6,000원",strict,"닐라빈라떼 × 수제 생강차 (2) * 오늘의 선택 바닐라빈라떼 6,000원 수제 생강차 6,000원 더블초코쿠키 3,400원 더블초코쿠키"
1273623215,아이언,바닐라,3400,"3,400원",strict,"바닐라빈라떼 6,000원 수제 생강차 6,000원 더블초코쿠키 3,400원 더블초코쿠키 3,400원 피칸과 견과류가 함께 들어 있는 더블"
1273623215,아이언,쿠키,3400,"3,400원",strict,"수제 생강차 6,000원 더블초코쿠키 3,400원 더블초코쿠키 3,400원 피칸과 견과류가 함께 들어 있는 더블초코쿠키는 크기도 큼지막하"
1273623215,아이언,,6000,"6,000원",strict," 크기도 큼지막하고 입안 가득 달콤함이 좋았어요. 수제 생강차 6,000원 대추와 생강이 주전자에 예쁘게 담겨있어요. 미니미니한 투명 찻"
1273623215,아이언,,7500,7500원,strict,큼하고 청량했던 모든 조화를 잘 이룬 고급 수제 차 티 메뉴로 7500원은 고비용이기는 하나 납득 되는 맛이었어요..! 확실히 재료가 
b0cf8b705c01,아필코 브런치카페 광주봉선점,브런치,19800,"19,800원",strict,"봉선동늦게까지하는브런치카페 [메뉴 가격 금액] 오픈쉬림프플래터 19,800원 프랜치토스트 13,800원 한우불고기파니니 13,800원 리코"
b0cf8b705c01,아필코 브런치카페 광주봉선점,토스트,13800,"13,800원",strict,"[메뉴 가격 금액] 오픈쉬림프플래터 19,800원 프랜치토스트 13,800원 한우불고기파니니 13,800원 리코타치즈샐러드 14,500원 "
b0cf8b705c01,아필코 브런치카페 광주봉선점,아메리카노,13800,"13,800원",strict,"래터 19,800원 프랜치토스트 13,800원 한우불고기파니니 13,800원 리코타치즈샐러드 14,500원 감자수프 6,500원 아메리카노"
b0cf8b705c01,아필코 브런치카페 광주봉선점,아메리카노,14500,"14,500원",strict," 13,800원 한우불고기파니니 13,800원 리코타치즈샐러드 14,500원 감자수프 6,500원 아메리카노 4,500원 분위기는 사실 좀"
b0cf8b705c01,아필코 브런치카페 광주봉선점,아메리카노,6500,"6,500원",strict,"기파니니 13,800원 리코타치즈샐러드 14,500원 감자수프 6,500원 아메리카노 4,500원 분위기는 사실 좀 평범했는데요 음식 맛"
b0cf8b705c01,아필코 브런치카페 광주봉선점,아메리카노,4500,"4,500원",strict,"리코타치즈샐러드 14,500원 감자수프 6,500원 아메리카노 4,500원 분위기는 사실 좀 평범했는데요 음식 맛이 꽤 괜찮았고 플레이팅"
b0cf8b705c01,아필코 브런치카페 광주봉선점,샐러드,15000,"15,000원",strict," 0507-1304-4223 [메뉴 가격 금액] 마르게리따피자 15,000원 그린쉬림프하우스 19,800원 리코타치즈샐러드 14,900원 "
b0cf8b705c01,아필코 브런치카페 광주봉선점,토스트,19800,"19,800원",strict,"메뉴 가격 금액] 마르게리따피자 15,000원 그린쉬림프하우스 19,800원 리코타치즈샐러드 14,900원 누보프렌치토스트 14,800원 "
b0cf8b705c01,아필코 브런치카페 광주봉선점,토스트,14900,"14,900원",strict," 15,000원 그린쉬림프하우스 19,800원 리코타치즈샐러드 14,900원 누보프렌치토스트 14,800원 한우불고기파니니 15,800원 "
b0cf8b705c01,아필코 브런치카페 광주봉선점,토스트,14800,"14,800원",strict," 19,800원 리코타치즈샐러드 14,900원 누보프렌치토스트 14,800원 한우불고기파니니 15,800원 라운드프렌치토스트 16,800원"
b0cf8b705c01,아필코 브런치카페 광주봉선점,토스트,15800,"15,800원",strict," 14,900원 누보프렌치토스트 14,800원 한우불고기파니니 15,800원 라운드프렌치토스트 16,800원 #봉선동프렌치토스트맛집 #봉선"
b0cf8b705c01,아필코 브런치카페 광주봉선점,토스트,16800,"16,800원",strict,"14,800원 한우불고기파니니 15,800원 라운드프렌치토스트 16,800원 #봉선동프렌치토스트맛집 #봉선동아보카도샐러드맛집 공간이 많이 "
b0cf8b705c01,아필코 브런치카페 광주봉선점,타르트,5800,"5,800원",strict,"번호 0507-1390-2508 [메뉴 가격 금액] 에그타르트 5,800원 토마토바질스프 15,500원 블랑토스트 18,500원 펌킨파이"
b0cf8b705c01,아필코 브런치카페 광주봉선점,타르트,15500,"15,500원",strict,"08 [메뉴 가격 금액] 에그타르트 5,800원 토마토바질스프 15,500원 블랑토스트 18,500원 펌킨파이와플 17,900원 평일에 오"
b0cf8b705c01,아필코 브런치카페 광주봉선점,타르트,18500,"18,500원",strict,"에그타르트 5,800원 토마토바질스프 15,500원 블랑토스트 18,500원 펌킨파이와플 17,900원 평일에 오후에 가서 빵이나 브런치를"
b0cf8b705c01,아필코 브런치카페 광주봉선점,브런치,17900,"17,900원",strict,"토바질스프 15,500원 블랑토스트 18,500원 펌킨파이와플 17,900원 평일에 오후에 가서 빵이나 브런치를 먹진 않았지만 커피만으로도"
b0cf8b705c01,아필코 브런치카페 광주봉선점,브라우니,5600,"5,600원",strict,"의 전화번호 062-432-1233 [메뉴 가격 금액] 미정이 5,600원 크림쑥밀크티 6,500원 밀크티 7,000원 브라우니 6,00"
b0cf8b705c01,아필코 브런치카페 광주봉선점,브라우니,6500,"6,500원",strict,"-1233 [메뉴 가격 금액] 미정이 5,600원 크림쑥밀크티 6,500원 밀크티 7,000원 브라우니 6,000원 황치즈갸또 7,500"
b0cf8b705c01,아필코 브런치카페 광주봉선점,바스크치즈케이크,7000,"7,000원",strict,"격 금액] 미정이 5,600원 크림쑥밀크티 6,500원 밀크티 7,000원 브라우니 6,000원 황치즈갸또 7,500원 바스크치즈케이크 "
b0cf8b705c01,아필코 브런치카페 광주봉선점,바스크치즈케이크,6000,"6,000원",strict,"600원 크림쑥밀크티 6,500원 밀크티 7,000원 브라우니 6,000원 황치즈갸또 7,500원 바스크치즈케이크 7,500원 #봉선동새"
b0cf8b705c01,아필코 브런치카페 광주봉선점,바스크치즈케이크,7500,"7,500원",strict,",500원 밀크티 7,000원 브라우니 6,000원 황치즈갸또 7,500원 바스크치즈케이크 7,500원 #봉선동새벽까지하는카페 #봉선동늦"
b0cf8b705c01,아필코 브런치카페 광주봉선점,,1000,"1,000원",strict," 수다를 많이 떨었더니 3시간이 조금 넘었더라구요. (10분당 1,000원 추가) 마트에서 만원 이상 구매하면 2시간 더 추가할 수 있어"
b0cf8b705c01,아필코 브런치카페 광주봉선점,샌드위치,9500,"9,500원",strict,"아요 지점마다 메뉴도 조금씩 다르네요 베스트메뉴인 클럽샌드위치(9,500원) 마르게르따피자(15,000원) 아아(4,600원) 아이스라떼"
b0cf8b705c01,아필코 브런치카페 광주봉선점,샌드위치,15000,"15,000원",strict,"다르네요 베스트메뉴인 클럽샌드위치(9,500원) 마르게르따피자(15,000원) 아아(4,600원) 아이스라떼(5,500원) 커피도 맛있고 "
b0cf8b705c01,아필코 브런치카페 광주봉선점,샌드위치,4600,"4,600원",strict,"클럽샌드위치(9,500원) 마르게르따피자(15,000원) 아아(4,600원) 아이스라떼(5,500원) 커피도 맛있고 샌드위치랑 피자도 너"
b0cf8b705c01,아필코 브런치카페 광주봉선점,샌드위치,5500,"5,500원",strict," 마르게르따피자(15,000원) 아아(4,600원) 아이스라떼(5,500원) 커피도 맛있고 샌드위치랑 피자도 너무 맛있었어요 피자가 진짜"
1018138221,암브로시아,아메리카노,4500,"4,500원",strict,"요즘 카페 물가를 생각하면 꽤 합리적인 편이에요. 아메리카노는 4,500원, 라떼류는 5,000원대, 스무디나 티 종류도 비슷한 가격입니"
1018138221,암브로시아,아메리카노,5000,"5,000원",strict,"면 꽤 합리적인 편이에요. 아메리카노는 4,500원, 라떼류는 5,000원대, 스무디나 티 종류도 비슷한 가격입니다. 그리고 이곳의 또 "
1018138221,암브로시아,치즈케이크,7000,"7,000원",strict,"저기 돌아봤는데 마음에 드는 곳이었습니다. 바스크 치즈케이크 (7,000원) 제가 방문해서 주문 한 건 바닐라라떼와 바스크 치즈 케이크,"
1018138221,암브로시아,바닐라,5500,"5,500원",strict," 암브로시아에 방문하시게 되면 한 번 드셔보세요. 바닐라라떼 (5,500원) 저는 오늘도 바닐라라떼를 주문했어요. 바닐라 향이 은은하게 "
1018138221,암브로시아,아메리카노,4000,"4,000원",strict," 보니 이것도 세트로 들고가고싶지 뭐에요. 아이스 아메리카노 (4,000원) 아이스 아메리카노는 얼음이 크고 천천히 녹아서 오랫동안 시원"
1018138221,암브로시아,아메리카노,1000,1000원,strict,"아메리카노와 코코넛라떼, 소금빵을 주문했어요 디카페인 변경 (+1000원) 원두가 촤르르 전시되어 있는데 원두 선택이 가능한 지는 모르"
1018138221,암브로시아,아메리카노,6000,"6,000원",strict,"디저트가 있는 곳 우리 픽은 아메리카노(4,500원) 체리라떼(6,000원) 누룽지 소금빵(3,800원) 처음에는 음료만 시켰는데, 소금"
1018138221,암브로시아,아메리카노,3800,"3,800원",strict,"아메리카노(4,500원) 체리라떼(6,000원) 누룽지 소금빵(3,800원) 처음에는 음료만 시켰는데, 소금빵이 베스트 메뉴라니 시키지 "
1018138221,암브로시아,아메리카노,5500,"5,500원",strict," 유기농설탕, 우리쌀로 만든 디저트래요 / 돌체라떼(연유라떼) 5,500원 아메리카노 4,500원 얼음이 너무 귀여워서 사진을 여러 각도"
1915480921,욘더스콘,아메리카노,4300,"4,300원",strict,"기 쓰면서 알게 된 1인...ㅋ ▼ 아이스 아메리카노 / 가격 4,300원 클로티드 라즈베리 잼 스콘 / 가격 6,500원 얼그레이 스콘"
1915480921,욘더스콘,스콘,6500,"6,500원",strict,"카노 / 가격 4,300원 클로티드 라즈베리 잼 스콘 / 가격 6,500원 얼그레이 스콘 / 가격 4,700원 라떼나 음료만 마시러 가기"
1915480921,욘더스콘,스콘,4700,"4,700원",strict,"라즈베리 잼 스콘 / 가격 6,500원 얼그레이 스콘 / 가격 4,700원 라떼나 음료만 마시러 가기도 좋은 곳이지만 디저트가 맛있는 광"
1915480921,욘더스콘,에이드,4900,"4,900원",strict,"욘더스콘 시그니처메뉴는 라떼가 많습니다! 옥수수 크림치즈 스콘 4,900원 누네띠네스콘 4,600원 레몬베리티 5,800원 라즈베리에이드"
1915480921,욘더스콘,에이드,4600,"4,600원",strict,"떼가 많습니다! 옥수수 크림치즈 스콘 4,900원 누네띠네스콘 4,600원 레몬베리티 5,800원 라즈베리에이드 6,000원 밥 먹고 방"
1915480921,욘더스콘,에이드,5800,"5,800원",strict,"크림치즈 스콘 4,900원 누네띠네스콘 4,600원 레몬베리티 5,800원 라즈베리에이드 6,000원 밥 먹고 방문했지만 1인 1음료에 "
1915480921,욘더스콘,에이드,6000,"6,000원",strict,"누네띠네스콘 4,600원 레몬베리티 5,800원 라즈베리에이드 6,000원 밥 먹고 방문했지만 1인 1음료에 1디저트는 예의 아니겠냐구요"
1915480921,욘더스콘,아메리카노,4400,"4,400원",strict,"방문하시는걸 추천드립니다!! 음식 주문한 리스트는 에그 타르트 4,400원 옥수수 크림치즈 스콘 4,900원 아이스 아메리카노 4,300"
1915480921,욘더스콘,아메리카노,4900,"4,900원",strict,"주문한 리스트는 에그 타르트 4,400원 옥수수 크림치즈 스콘 4,900원 아이스 아메리카노 4,300원 발로나 초코라떼 6,000원 기"
1915480921,욘더스콘,아메리카노,6000,"6,000원",strict,"콘 4,900원 아이스 아메리카노 4,300원 발로나 초코라떼 6,000원 기대안하고 들어갔던곳인데 개인적으로 완전 만족스러운 디저트타임"
1915480921,욘더스콘,아메리카노,4500,"4,500원",strict,"뉴는 비워져있어서 너무 아쉬웠어요 ㅠㅠ 스콘 가격은 3,800~4,500원대로 저렴한 편이었고 아메리카노와 카페라떼를 제외한 음료 가격은"
1915480921,욘더스콘,아메리카노,3800,"3,800",loose,"몇 인기 메뉴는 비워져있어서 너무 아쉬웠어요 ㅠㅠ 스콘 가격은 3,800~4,500원대로 저렴한 편이었고 아메리카노와 카페라떼를 제외한"
1915480921,욘더스콘,스콘,4900,"4,900",loose,"다려보니 계속 굽고 계시더라고요! Next image 맘모스콘 4,900 무화과 스콘 4,900 얼그레이 스콘 4,700 카라멜 피칸 "
1915480921,욘더스콘,스콘,4700,"4,700",loose,"ge 맘모스콘 4,900 무화과 스콘 4,900 얼그레이 스콘 4,700 카라멜 피칸 크럼블 스콘 4,800 플레인 스콘 4,200 옥"
1915480921,욘더스콘,스콘,4800,"4,800",loose," 4,900 얼그레이 스콘 4,700 카라멜 피칸 크럼블 스콘 4,800 플레인 스콘 4,200 옥수슈 크림치즈스콘 4,900 딸기 크"
1915480921,욘더스콘,스콘,4200,"4,200",loose,"콘 4,700 카라멜 피칸 크럼블 스콘 4,800 플레인 스콘 4,200 옥수슈 크림치즈스콘 4,900 딸기 크림치즈 스콘 4,800 "
1915480921,욘더스콘,타르트,4900,"4,900",loose,"블 스콘 4,800 플레인 스콘 4,200 옥수슈 크림치즈스콘 4,900 딸기 크림치즈 스콘 4,800 에그타르트 스콘 4,400 욘더"
1915480921,욘더스콘,타르트,4800,"4,800",loose," 4,200 옥수슈 크림치즈스콘 4,900 딸기 크림치즈 스콘 4,800 에그타르트 스콘 4,400 욘더쿠키 4,100 말차쿠키 4,4"
1915480921,욘더스콘,타르트,4400,"4,400",loose,"스콘 4,900 딸기 크림치즈 스콘 4,800 에그타르트 스콘 4,400 욘더쿠키 4,100 말차쿠키 4,400 욘더스콘 메뉴판 아메리"
1915480921,욘더스콘,아메리카노,4100,"4,100",loose," 크림치즈 스콘 4,800 에그타르트 스콘 4,400 욘더쿠키 4,100 말차쿠키 4,400 욘더스콘 메뉴판 아메리카노 4,300 카페"
1915480921,욘더스콘,아메리카노,4400,"4,400",loose,"800 에그타르트 스콘 4,400 욘더쿠키 4,100 말차쿠키 4,400 욘더스콘 메뉴판 아메리카노 4,300 카페라떼 4,800 바닐"
1915480921,욘더스콘,아메리카노,4300,"4,300",loose,"쿠키 4,100 말차쿠키 4,400 욘더스콘 메뉴판 아메리카노 4,300 카페라떼 4,800 바닐라라떼 5,300 밤 카페라떼 6,30"
1915480921,욘더스콘,아메리카노,4800,"4,800",loose,"쿠키 4,400 욘더스콘 메뉴판 아메리카노 4,300 카페라떼 4,800 바닐라라떼 5,300 밤 카페라떼 6,300 레몬베리티 5,8"
1915480921,욘더스콘,아메리카노,5300,"5,300",loose,"콘 메뉴판 아메리카노 4,300 카페라떼 4,800 바닐라라떼 5,300 밤 카페라떼 6,300 레몬베리티 5,800 자몽 히비스커스 "
1915480921,욘더스콘,카페라떼,6300,"6,300",loose,",300 카페라떼 4,800 바닐라라떼 5,300 밤 카페라떼 6,300 레몬베리티 5,800 자몽 히비스커스 티 5,800 블랙 아이"
1915480921,욘더스콘,카페라떼,5800,"5,800",loose,"800 바닐라라떼 5,300 밤 카페라떼 6,300 레몬베리티 5,800 자몽 히비스커스 티 5,800 블랙 아이스티 5,000 저는 "
1915480921,욘더스콘,아메리카노,5000,"5,000",loose,"베리티 5,800 자몽 히비스커스 티 5,800 블랙 아이스티 5,000 저는 레모니카노라는 메뉴가 궁금하더라고요. 레몬청과 아메리카노"
94415dd112aa,카페드포레,베이글,5000,"5,000",loose,"조용한 분위기에 힐링하고 가기에 딱인거 같아요. 바닐라빈 라떼 5,000 다즐링(홍차) 5.600 더블치즈베이글 5,200 잠봉 베이글"
94415dd112aa,카페드포레,베이글,5200,"5,200",loose,"닐라빈 라떼 5,000 다즐링(홍차) 5.600 더블치즈베이글 5,200 잠봉 베이글 7,000 치즈 바스크 4,800 광주 봉선동 베"
94415dd112aa,카페드포레,베이글,7000,"7,000",loose,"다즐링(홍차) 5.600 더블치즈베이글 5,200 잠봉 베이글 7,000 치즈 바스크 4,800 광주 봉선동 베이커리 맛집으로 베이글과"
94415dd112aa,카페드포레,소금빵,4800,"4,800",loose," 더블치즈베이글 5,200 잠봉 베이글 7,000 치즈 바스크 4,800 광주 봉선동 베이커리 맛집으로 베이글과 소금빵이 주된 메뉴인에"
65c99f32d168,카페레이즈,,5000,5000원,strict," 알림, 스마트 스토어 총 두 군데에 포토 리뷰 남기시고 즉시 5000원 페이백 이벤트와 3,000원 상당의 스타벅스 커피 기프티콘 꼭"
65c99f32d168,카페레이즈,,3000,"3,000원",strict,"두 군데에 포토 리뷰 남기시고 즉시 5000원 페이백 이벤트와 3,000원 상당의 스타벅스 커피 기프티콘 꼭 챙겨가세요! ▼ALL에어컨 "
1734990318,티라미뚜,,39000,"39,000원",strict,"이크 ‼ 비주얼 장난 아니죠 ?? 저는 제일 작은 사이즈 1호 39,000원 세 명이서 2호는 너무 많다고 하셨는데 딸기 양이 정말 미쳤어"
1734990318,티라미뚜,케이크,1000,"1,000원",strict,"지는 딸기의 단향 케이크 향이 정말 도파민 터진다 문구 비용은 1,000원 있어요 이날은 아빠 생신이라 주문했는데 부모님도 정말 맛있게 "
1734990318,티라미뚜,아메리카노,6500,"6,500원",strict,"까요? 무려 9가지 종류나 있네요 주문할게요 오리지널 티라미수 6,500원 아메리카노 (hot) 4,000원 티라미뚜 디저트 티라미뚜 @"
1734990318,티라미뚜,아메리카노,4000,"4,000원",strict,"주문할게요 오리지널 티라미수 6,500원 아메리카노 (hot) 4,000원 티라미뚜 디저트 티라미뚜 @오늘의기록 티라미뚜 디저트 쇼케이스"
1734990318,티라미뚜,티라미수,6500,"6,500원",strict,"ㅎㅎ 오리지널 티라미수 티라미뚜 @오늘의기록 오리지널 티라미수 6,500원 제가 살면서 먹어본 티라미수 중에 가장 맛있었습니다 앞으로 양"
1734990318,티라미뚜,케이크,40000,"40,000원",strict,"은 카카오톡 채널에서 확인할 수 있고 저는 딸기망고케이크 1호(40,000원)을 주문했어요! 계절별로 케이크 종류가 달라지니 카카오톡으로 "
1734990318,티라미뚜,,40000,"40,000원",strict,"었는데 이번에는 딸기가 데코되어 있네요 ㅎ_ㅎ 1호(2~3인) 40,000원으로 식사 후 디저트로 나눠먹을거라 1호를 주문했어요. 양림동 "
1734990318,티라미뚜,아메리카노,4000,"4,000",loose," 주신 거 같다 흑흑 ㅡㅜ 자주 온 거도 아닌데.. 아메리카노 4,000 가격 대비 양이 진짜 혜자다 람지가 은근 입 고급인데 티라미뚜"
1734990318,티라미뚜,자몽에이드,5500,"5,500",loose,"로 내리는 집 같다고 함ㅋㅋ 달달한 디저트랑도 찰떡 자몽에이드 5,500 자몽에이드는 분다버그 시판 제품이다! 메뉴판에 정직하게 나와있"
1734990318,티라미뚜,티라미수,6900,"6,900",loose,"곸ㅋㅋㅋㅋ 아니 혀가 너무 편파적인 거 아녀? 캬라멜 티라미수 6,900 캬라멜이 급 먹고 싶어서 요걸로 캬라멜 라떼 먹고 싶은 마음 "
1734990318,티라미뚜,아이스크림,6900,"6,900",loose,"티라미슈는 여기닷! TIRAMI -TOUS 갸또쇼콜라 티라미수 6,900 카라멜 티라미수 6,900 아이스크림라떼 6,500 카페라떼 "
1734990318,티라미뚜,아이스크림,6500,"6,500",loose," 티라미수 6,900 카라멜 티라미수 6,900 아이스크림라떼 6,500 카페라떼 핫 4,500 앉고싶은 자리 커플이 앉아있어서 나간 "
1734990318,티라미뚜,아이스크림,4500,"4,500",loose,"라멜 티라미수 6,900 아이스크림라떼 6,500 카페라떼 핫 4,500 앉고싶은 자리 커플이 앉아있어서 나간 후 사람 없을 때 찍었어"
1144160180,펭귄당,크루아상,8500,"8,500원",strict,"차장: O ( 건물 옆 주차장 이용 ) ▪ 주문 메뉴 잠봉뵈르 8,500원 올리브 치아바타 5,000원 바닐라밀크크루아상 4,500원 아"
1144160180,펭귄당,아메리카노,5000,"5,000원",strict," 이용 ) ▪ 주문 메뉴 잠봉뵈르 8,500원 올리브 치아바타 5,000원 바닐라밀크크루아상 4,500원 아메리카노 4,000원 광주 양"
1144160180,펭귄당,아메리카노,4500,"4,500원",strict,"르 8,500원 올리브 치아바타 5,000원 바닐라밀크크루아상 4,500원 아메리카노 4,000원 광주 양림동 카페 펭귄당 건강빵집 재생"
1144160180,펭귄당,아메리카노,4000,"4,000원",strict,"치아바타 5,000원 바닐라밀크크루아상 4,500원 아메리카노 4,000원 광주 양림동 카페 펭귄당 건강빵집 재생 28 좋아요 0 00:"
1144160180,펭귄당,,7500,7500원,strict,"물가 실화야? 한끼에 만원 안넘는 곳 찾기 힘든데, 육회비빔밥 7500원 +계란후라이 1000원 총 8500원에 한끼 해결했다.. 이날"
1144160180,펭귄당,,1000,1000원,strict,"원 안넘는 곳 찾기 힘든데, 육회비빔밥 7500원 +계란후라이 1000원 총 8500원에 한끼 해결했다.. 이날 너무 배고파서 밥도 리"
1144160180,펭귄당,,8500,8500원,strict,"찾기 힘든데, 육회비빔밥 7500원 +계란후라이 1000원 총 8500원에 한끼 해결했다.. 이날 너무 배고파서 밥도 리필해먹었는데 내"
1144160180,펭귄당,라떼,8000,8000원,strict,"상황이었다. 그래서 얼른 음료부터 주문했는데, 우지 말차 라떼(8000원)을 시켰다. 흡입하고 거진 10분? 만에 짐 찾으러 빠져나왔다"
1144160180,펭귄당,,32000,32000원,strict,걸 수도있다. (비교해서 숙소잡는걸 추천) 약간의 할인을 받아 32000원에 하루를 묵었다. 완전 가성비ㅋㅋㅋ 내부가 그리 크진 않았다.
1144160180,펭귄당,샌드위치,9000,"9,000원",strict,"다! 저는 포장해서 사무실 들어가서 먹을거에요! 그릴드샌드위치 9,000원 옆에 있는 hot메뉴 마블샌드위치도 정말 맛있어요! 블루베리쨈"
1144160180,펭귄당,샌드위치,4500,"4,500",loose,"000 : 플레인, 올리브, 치즈 Next image 크로와상 4,500 : 아몬드, 바닐라밀크, 초코 바게트 4,500 샌드위치 그리"
1144160180,펭귄당,잠봉뵈르,4500,"4,500",loose,"ge 크로와상 4,500 : 아몬드, 바닐라밀크, 초코 바게트 4,500 샌드위치 그리고 베스트 메뉴 중 하나인 잠봉뵈르 8,000 저"
1144160180,펭귄당,잠봉뵈르,8000,"8,000",loose,"트 4,500 샌드위치 그리고 베스트 메뉴 중 하나인 잠봉뵈르 8,000 저는 앙버터도 자주 먹는데요. 펭귄당 앙버터는 팥앙금을 직접 "
0d6c4d7d8d3a,포르피노,파이,2800,"2,800원",strict,"여부 그리고 와이파이 아이디와 비밀번호까지 주문메뉴 탕종시오빵(2,800원) 제가 주문한 메뉴는 #탕종시오빵 가볍게 커피 한 잔 하러간건"
1986630049,프렌치버터하우스,아메리카노,6000,"6,000원",strict," 살몬>을 시켰고요 1인분 아니고 2인분임 ㅎ 아이스아메리카노 6,000원 로쏘포모도로 22,500원 루즈살몬 : 19,500원 쩜 부담"
1986630049,프렌치버터하우스,아메리카노,22500,"22,500원",strict," 아니고 2인분임 ㅎ 아이스아메리카노 6,000원 로쏘포모도로 22,500원 루즈살몬 : 19,500원 쩜 부담이되는 금액이었지만 요즘 물"
1986630049,프렌치버터하우스,아메리카노,19500,"19,500원",strict,"아메리카노 6,000원 로쏘포모도로 22,500원 루즈살몬 : 19,500원 쩜 부담이되는 금액이었지만 요즘 물가와 브런치인점을 감안하면."
1986630049,프렌치버터하우스,브런치,19800,"19,800원",strict,"봉선동늦게까지하는브런치카페 [메뉴 가격 금액] 오픈쉬림프플래터 19,800원 프랜치토스트 13,800원 한우불고기파니니 13,800원 리코"
1986630049,프렌치버터하우스,토스트,13800,"13,800원",strict,"[메뉴 가격 금액] 오픈쉬림프플래터 19,800원 프랜치토스트 13,800원 한우불고기파니니 13,800원 리코타치즈샐러드 14,500원 "
1986630049,프렌치버터하우스,아메리카노,13800,"13,800원",strict,"래터 19,800원 프랜치토스트 13,800원 한우불고기파니니 13,800원 리코타치즈샐러드 14,500원 감자수프 6,500원 아메리카노"
1986630049,프렌치버터하우스,아메리카노,14500,"14,500원",strict," 13,800원 한우불고기파니니 13,800원 리코타치즈샐러드 14,500원 감자수프 6,500원 아메리카노 4,500원 분위기는 사실 좀"
1986630049,프렌치버터하우스,아메리카노,6500,"6,500원",strict,"기파니니 13,800원 리코타치즈샐러드 14,500원 감자수프 6,500원 아메리카노 4,500원 분위기는 사실 좀 평범했는데요 음식 맛"
1986630049,프렌치버터하우스,아메리카노,4500,"4,500원",strict,"리코타치즈샐러드 14,500원 감자수프 6,500원 아메리카노 4,500원 분위기는 사실 좀 평범했는데요 음식 맛이 꽤 괜찮았고 플레이팅"
1986630049,프렌치버터하우스,샐러드,15000,"15,000원",strict," 0507-1304-4223 [메뉴 가격 금액] 마르게리따피자 15,000원 그린쉬림프하우스 19,800원 리코타치즈샐러드 14,900원 "
1986630049,프렌치버터하우스,토스트,19800,"19,800원",strict,"메뉴 가격 금액] 마르게리따피자 15,000원 그린쉬림프하우스 19,800원 리코타치즈샐러드 14,900원 누보프렌치토스트 14,800원 "
1986630049,프렌치버터하우스,토스트,14900,"14,900원",strict," 15,000원 그린쉬림프하우스 19,800원 리코타치즈샐러드 14,900원 누보프렌치토스트 14,800원 한우불고기파니니 15,800원 "
1986630049,프렌치버터하우스,토스트,14800,"14,800원",strict," 19,800원 리코타치즈샐러드 14,900원 누보프렌치토스트 14,800원 한우불고기파니니 15,800원 라운드프렌치토스트 16,800원"
1986630049,프렌치버터하우스,토스트,15800,"15,800원",strict," 14,900원 누보프렌치토스트 14,800원 한우불고기파니니 15,800원 라운드프렌치토스트 16,800원 #봉선동프렌치토스트맛집 #봉선"
1986630049,프렌치버터하우스,토스트,16800,"16,800원",strict,"14,800원 한우불고기파니니 15,800원 라운드프렌치토스트 16,800원 #봉선동프렌치토스트맛집 #봉선동아보카도샐러드맛집 공간이 많이 "
1986630049,프렌치버터하우스,타르트,5800,"5,800원",strict,"번호 0507-1390-2508 [메뉴 가격 금액] 에그타르트 5,800원 토마토바질스프 15,500원 블랑토스트 18,500원 펌킨파이"
1986630049,프렌치버터하우스,타르트,15500,"15,500원",strict,"08 [메뉴 가격 금액] 에그타르트 5,800원 토마토바질스프 15,500원 블랑토스트 18,500원 펌킨파이와플 17,900원 평일에 오"
1986630049,프렌치버터하우스,타르트,18500,"18,500원",strict,"에그타르트 5,800원 토마토바질스프 15,500원 블랑토스트 18,500원 펌킨파이와플 17,900원 평일에 오후에 가서 빵이나 브런치를"
1986630049,프렌치버터하우스,브런치,17900,"17,900원",strict,"토바질스프 15,500원 블랑토스트 18,500원 펌킨파이와플 17,900원 평일에 오후에 가서 빵이나 브런치를 먹진 않았지만 커피만으로도"
1986630049,프렌치버터하우스,브라우니,5600,"5,600원",strict,"의 전화번호 062-432-1233 [메뉴 가격 금액] 미정이 5,600원 크림쑥밀크티 6,500원 밀크티 7,000원 브라우니 6,00"
1986630049,프렌치버터하우스,브라우니,6500,"6,500원",strict,"-1233 [메뉴 가격 금액] 미정이 5,600원 크림쑥밀크티 6,500원 밀크티 7,000원 브라우니 6,000원 황치즈갸또 7,500"
1986630049,프렌치버터하우스,바스크치즈케이크,7000,"7,000원",strict,"격 금액] 미정이 5,600원 크림쑥밀크티 6,500원 밀크티 7,000원 브라우니 6,000원 황치즈갸또 7,500원 바스크치즈케이크 "
1986630049,프렌치버터하우스,바스크치즈케이크,6000,"6,000원",strict,"600원 크림쑥밀크티 6,500원 밀크티 7,000원 브라우니 6,000원 황치즈갸또 7,500원 바스크치즈케이크 7,500원 #봉선동새"
1986630049,프렌치버터하우스,바스크치즈케이크,7500,"7,500원",strict,",500원 밀크티 7,000원 브라우니 6,000원 황치즈갸또 7,500원 바스크치즈케이크 7,500원 #봉선동새벽까지하는카페 #봉선동늦"
23e327f7a18a,화채업자,빙수,17000,"17,000원",strict,"뉴가 정말 강력 추천 리스트라고 생각해요. 가격은 빙수가 보통 17,000원 정도이었지만, 들어가는 재료가 워낙 신선해서 저는 하나도 아깝"
23e327f7a18a,화채업자,망고빙수,16000,"16,000원",strict," 화채와 와플, 케이크 등 디저트도 있어요 망고빙수 네이버에는 16,000원이고 메뉴판에는 17,000원인데 실제로 계산하니 18,000원"
23e327f7a18a,화채업자,망고빙수,17000,"17,000원",strict,"저트도 있어요 망고빙수 네이버에는 16,000원이고 메뉴판에는 17,000원인데 실제로 계산하니 18,000원 이더라구요ㅋㅋ 메뉴판에 ‘가"
23e327f7a18a,화채업자,,18000,"18,000원",strict,"16,000원이고 메뉴판에는 17,000원인데 실제로 계산하니 18,000원 이더라구요ㅋㅋ 메뉴판에 ‘가격 변동 있으니 문의해 주시라’고 "
23e327f7a18a,화채업자,빙수,16000,"16,000원",strict,"빙수 화채등 정말 다양하게 준비되어있었어요 주문내역 인절미빙수 16,000원 음식사진 짠 ~ 저희가 마지막 손님이었어요 ㅋㅋㅋㅋㅋㅋ 진짜 "
23e327f7a18a,화채업자,,21000,21000원,strict,우유+사이다/ 바나나우유 저는 수박화채에 딸기우유 선택했습니다 21000원 과일도 종류별로 많이 구비되어있네요 회전율이 빠르니까 과일도 
23e327f7a18a,화채업자,빙수,13000,"13,000원",strict," 나온 아이들은 화채업자의 메인인 과일빙수가 아닌 오레오 빙수(13,000원) 와플(3,500원) 을 주문했어요. 엄마아빠는 아메리(3,5"
23e327f7a18a,화채업자,빙수,3500,"3,500원",strict,"자의 메인인 과일빙수가 아닌 오레오 빙수(13,000원) 와플(3,500원) 을 주문했어요. 엄마아빠는 아메리(3,500원)죠! 자리는 "
23e327f7a18a,화채업자,와플,3500,"3,500원",strict,"00원) 와플(3,500원) 을 주문했어요. 엄마아빠는 아메리(3,500원)죠! 자리는 2층으로 잡았어요. 화채업자는 1층보다 2층에 사"
23e327f7a18a,화채업자,빙수,19000,"19,000원",strict,"우니, 크로플, 오란다까지..! 반반빙수 (메론 + 파인애플) 19,000원 저희는 반반 커스텀마이징해서 먹었어요 시원한 과일류를 먹고파서"
23e327f7a18a,화채업자,딸기빙수,19000,"19,000원",strict,". 그래서 생딸기가 산처럼 쌓여있는 딸기빙수 선택했어요 가격은 19,000원입니다 딸기잼이랑 같이 나왔는데 얼음이 코코넛밀크랑 연유 섞은 "
