카페id,카페이름,주소,지역(구단위),좌표(lat),좌표(lng),지도링크,카페이미지url,분위기,간이유,맛,동반자,메뉴,주요메뉴,주차여부,블로그수,추천점수(0-100),추천유형,추천태그,추천문구,가격요약,가격목록,키워드TOP40
1402072609,79파운야드 광주동명점,광주 동구 제봉로110번길 4,동구,35.1483122,126.9224385,https://pcmap.place.naver.com/place/1402072609/home,https://search.pstatic.net/common/?autoRotate=true&quality=95&type=w750&src=https%3A%2F%2Fldb-phinf.pstatic.net%2F20220420_188%2F1650396276153KQovo_PNG%2F79%25C6%25C4%25BF%25EE%25BE%25DF%25B5%25E5_%25B4%25EB%25C7%25A5%25C0%25CC%25B9%25CC%25C1%25F63.png,,근거 텍스트가 부족합니다(블로그/설명 추가 수집 권장).,,,,,,0,0.0,기본,,기본 추천 · 근거 텍스트가 부족합니다(블로그/설명 추가 수집 권장).,,[],[]
c86cc83a69f5,그랩앤고,광주 동구 장동로 23-12,동구,35.1484707584343,126.924866372412,nan,,"모던, 아늑, 넓음","대표메뉴: 아이스크림, 케이크, 초코 / 분위기: 모던, 아늑 / 맛: 상큼, 담백 / 주차: 가능","상큼, 담백, 달콤","단체/대관, 친구, 데이트","아이스크림, 케이크, 초코, 아메리카노, 브라우니, 푸딩, 와플","아이스크림, 케이크, 초코",가능,10,71.5,데이트,"모던,아늑,상큼,담백,단체/대관","데이트 추천 · 대표메뉴: 아이스크림, 케이크, 초코 / 분위기: 모던, 아늑 / 맛: 상큼, 담백 / 주차: 가능",500~8700원(대표 7400원),"[500, 1500, 4900, 5900, 7400, 7500, 7900, 8000, 8700]","[[""크레페"", 226], [""먹다"", 92], [""크림"", 87], [""딸기"", 85], [""첨단"", 64], [""아이스크림"", 56], [""동명동"", 32], [""바나나"", 31], [""포장"", 30], [""수건"", 28], [""케이크"", 28], [""시리얼"", 27], [""과일"", 26], [""조합"", 23], [""토핑"", 22], [""테이크아웃"", 19], [""가능"", 18], [""반죽"", 17], [""오픈"", 16], [""배달"", 16], [""단원"", 16], [""매장"", 15], [""선택"", 15], [""광산구"", 15], [""넣다"", 14], [""커스"", 14], [""초코"", 14], [""과정"", 14], [""임방울"", 14], [""아메리카노"", 13], [""깔끔"", 13], [""달달하다"", 13], [""고르다"", 12], [""밀크"", 12], [""로그"", 12], [""올리다"", 11], [""당일"", 11], [""단체"", 11], [""참고"", 10], [""올라가다"", 10]]"
8d581cec6243,네이비소셜클럽,광주 동구 동계로10번길 6,동구,35.1524214334648,126.924883592801,nan,,"넓음, 감성, 반려동물","대표메뉴: 케이크, 라떼, 마들렌 / 분위기: 넓음, 감성 / 맛: 상큼, 고소 / 주차: 혼재(확인필요)","상큼, 고소, 달콤","데이트, 반려동물/애견동반, 친구","케이크, 라떼, 마들렌, 아이스크림, 아메리카노, 휘낭시에, 스콘, 타르트","케이크, 라떼, 마들렌",혼재(확인필요),10,63.3,데이트,"넓음,감성,상큼,고소,데이트","데이트 추천 · 대표메뉴: 케이크, 라떼, 마들렌 / 분위기: 넓음, 감성 / 맛: 상큼, 고소 / 주차: 혼재(확인필요)",500~14000원(대표 6500원),"[500, 3000, 3500, 4000, 5000, 5500, 6000, 6500, 7000, 7500, 8000, 8500, 9000, 13000, 14000]","[[""네이비"", 87], [""클럽"", 82], [""소셜"", 81], [""동명동"", 53], [""먹다"", 44], [""수완"", 43], [""케이크"", 32], [""신상"", 29], [""종류"", 29], [""지구"", 28], [""자리"", 27], [""분위기"", 25], [""라떼"", 23], [""테이블"", 22], [""마들렌"", 21], [""아이스크림"", 21], [""공간"", 21], [""느낌"", 20], [""고르다"", 19], [""주차"", 18], [""까눌레"", 18], [""아메리카노"", 18], [""가능"", 17], [""매장"", 16], [""휘낭시에"", 15], [""원두"", 15], [""사람"", 14], [""주차장"", 14], [""늦다"", 14], [""좋아하다"", 13], [""밤"", 12], [""다녀오다"", 12], [""담다"", 12], [""감성"", 12], [""동구"", 11], [""내부"", 11], [""마시다"", 11], [""레몬"", 11], [""타르트"", 11], [""스콘"", 11]]"
38429681,달정원,광주 동구 중앙로 210,동구,35.1514282,126.9172187,https://pcmap.place.naver.com/place/38429681/home,https://search.pstatic.net/common/?autoRotate=true&quality=95&type=w750&src=https%3A%2F%2Fldb-phinf.pstatic.net%2F20200103_78%2F1577983649102tAjiQ_JPEG%2FDFAVDo2Tj71HN49DZUc-7UYw.jpg,"넓음, 조용, 아늑","대표메뉴: 피자, 브런치, 스테이크 / 분위기: 넓음, 조용 / 맛: 달콤, 진함 / 주차: 가능","달콤, 진함","데이트, 혼카페/작업, 단체/대관","피자, 브런치, 스테이크, 샐러드, 아메리카노, 에이드","피자, 브런치, 스테이크",가능,2,40.6,데이트,"넓음,조용,달콤,진함,데이트","데이트 추천 · 대표메뉴: 피자, 브런치, 스테이크 / 분위기: 넓음, 조용 / 맛: 달콤, 진함 / 주차: 가능",3000~22000원(대표 9500원),"[3000, 5000, 14000, 22000]","[[""정원"", 35], [""차"", 14], [""매실"", 14], [""예술"", 9], [""거리"", 8], [""사람"", 8], [""공간"", 7], [""황금"", 7], [""그림"", 7], [""시간"", 6], [""작다"", 6], [""앉다"", 6], [""동구"", 5], [""순간"", 5], [""시작"", 5], [""쉬다"", 4], [""머물다"", 4], [""떠나다"", 4], [""밤"", 4], [""마시다"", 4], [""깊다"", 4], [""자연"", 4], [""이야기"", 4], [""단호박"", 4], [""자리"", 3], [""대표"", 3], [""떠오르다"", 3], [""느낌"", 3], [""신맛"", 3], [""단맛"", 3], [""따뜻"", 3], [""나누다"", 3], [""식사"", 3], [""작품"", 3], [""일상"", 3], [""그리다"", 3], [""특별"", 3], [""즐기다"", 3], [""저녁"", 3], [""피아노"", 3]]"
1063375943,동명당,광주 동구 장동로 23-41,동구,35.1486104,126.9247578,https://pcmap.place.naver.com/place/1063375943/home,https://search.pstatic.net/common/?autoRotate=true&quality=95&type=w750&src=https%3A%2F%2Fldb-phinf.pstatic.net%2F20250528_188%2F17484107591815KIbi_JPEG%2FKakaoTalk_20250528_142935493.jpg,"아늑, 모던","대표메뉴: 쿠키, 말차, 카페라떼 / 분위기: 아늑, 모던 / 맛: 상큼, 달콤 / 주차: 가능","상큼, 달콤, 쌉싸름/다크","친구, 단체/대관, 데이트","쿠키, 말차, 카페라떼, 피스타치오, 치즈케이크, 카다이프, 빙수, 케이크","쿠키, 말차, 카페라떼",가능,5,54.7,데이트,"아늑,모던,상큼,달콤,친구","데이트 추천 · 대표메뉴: 쿠키, 말차, 카페라떼 / 분위기: 아늑, 모던 / 맛: 상큼, 달콤 / 주차: 가능",2800~30000원(대표 14000원),"[2800, 3000, 13000, 15000, 21000, 30000]","[[""초콜릿"", 79], [""먹다"", 32], [""두바이"", 20], [""선물"", 19], [""동명"", 17], [""망고"", 16], [""동구"", 14], [""쪼다"", 13], [""딸기"", 11], [""장동"", 10], [""포장"", 10], [""동명동"", 9], [""라즈베리"", 9], [""뚜기"", 8], [""주차장"", 8], [""카라멜"", 8], [""달다"", 7], [""수제"", 7], [""corp."", 7], [""주차"", 7], [""쿠키"", 7], [""보관"", 7], [""친구"", 7], [""종류"", 7], [""사다"", 6], [""부설"", 6], [""무료"", 6], [""하트"", 6], [""드리다"", 6], [""말차"", 6], [""패션후르츠"", 6], [""좋아하다"", 5], [""예약"", 5], [""acc"", 5], [""가능"", 5], [""비주얼"", 5], [""이쁘다"", 5], [""가격"", 5], [""가나슈"", 5], [""안녕"", 4]]"
1291167268,디저트39 광주용산점,광주 동구 용산3길 17,동구,35.1184262,126.9246378,https://pcmap.place.naver.com/place/1291167268/home,https://search.pstatic.net/common/?autoRotate=true&quality=95&type=w750&src=https%3A%2F%2Fldb-phinf.pstatic.net%2F20220303_235%2F164627533139277oju_JPEG%2FKakaoTalk_20220303_113749559.jpg,,근거 텍스트가 부족합니다(블로그/설명 추가 수집 권장).,,,,,,0,0.0,기본,,기본 추천 · 근거 텍스트가 부족합니다(블로그/설명 추가 수집 권장).,,[],[]
1420893266,디저트39 광주충장점,광주 동구 충장로안길 38,동구,35.1470806,126.9170087,https://pcmap.place.naver.com/place/1420893266/home,https://search.pstatic.net/common/?autoRotate=true&quality=95&type=w750&src=https%3A%2F%2Fldb-phinf.pstatic.net%2F20241114_8%2F1731567097597yU3Mv_JPEG%2FKakaoTalk_20241114_154246032_01.jpg,"넓음, 감성, 아늑","대표메뉴: 케이크, 라떼, 아메리카노 / 분위기: 넓음, 감성 / 맛: 상큼, 고소 / 주차: 가능","상큼, 고소","혼카페/작업, 데이트, 단체/대관","케이크, 라떼, 아메리카노, 에이드","케이크, 라떼, 아메리카노",가능,1,39.8,데이트,"넓음,감성,상큼,고소,혼카페/작업","데이트 추천 · 대표메뉴: 케이크, 라떼, 아메리카노 / 분위기: 넓음, 감성 / 맛: 상큼, 고소 / 주차: 가능",3200~3200원(대표 3200원),[3200],"[[""스무디"", 10], [""아르기닌"", 10], [""충장로"", 9], [""장점"", 7], [""슬림"", 5], [""콜라겐"", 5], [""요거트"", 5], [""좌석"", 5], [""칼로리"", 4], [""가능"", 3], [""계단"", 3], [""인테리어"", 3], [""kcal"", 3], [""포토존"", 3], [""거울"", 3], [""당근"", 3], [""대형"", 2], [""주차장"", 2], [""타다"", 2], [""올라오다"", 2], [""편안"", 2], [""내부"", 2], [""비타"", 2], [""청포도"", 2], [""퀸즈베리"", 2], [""히비스커스티"", 2], [""단백질"", 2], [""프로"", 2], [""쉐이크"", 2], [""라떼"", 2], [""도움"", 2], [""깔라만시"", 2], [""딸기"", 2], [""망고"", 2], [""카페인"", 2], [""변경"", 2], [""전신"", 2], [""완벽"", 2], [""따뜻"", 2], [""조합"", 2]]"
1801135630,딜라이트베이크샵,광주 동구 필문대로 261,동구,35.1477849,126.9284434,https://pcmap.place.naver.com/place/1801135630/home,https://search.pstatic.net/common/?autoRotate=true&quality=95&type=w750&src=https%3A%2F%2Fldb-phinf.pstatic.net%2F20251117_61%2F1763359793046CDj5P_JPEG%2FIMG_2830.jpeg,감성,"대표메뉴: 케이크, 쿠키, 바닐라 / 분위기: 감성",,"단체/대관, 친구","케이크, 쿠키, 바닐라","케이크, 쿠키, 바닐라",,1,8.0,친구,"감성,단체/대관","친구 추천 · 대표메뉴: 케이크, 쿠키, 바닐라 / 분위기: 감성",1000~13000원(대표 12000원),"[1000, 12000, 13000]","[[""케이크"", 6], [""당일"", 5], [""구매"", 5], [""가능"", 5], [""최고"", 5], [""포장"", 4], [""가격"", 3], [""레터"", 3], [""디자인"", 3], [""사장"", 3], [""착하다"", 2], [""퀄리티"", 2], [""동구"", 2], [""일요일"", 2], [""휴무"", 2], [""예약"", 2], [""픽업"", 2], [""문구"", 2], [""쓰다"", 2], [""기여"", 2], [""미니"", 2], [""이벤트"", 2], [""크림치즈"", 2], [""짤다"", 2], [""안녕"", 1], [""영꾸에여"", 1], [""동명동"", 1], [""차"", 1], [""길가"", 1], [""가게"", 1], [""잊다"", 1], [""까먹다"", 1], [""corp."", 1], [""영꾸"", 1], [""바로슈슈슉"", 1], [""완료"", 1], [""당황"", 1], [""갈기다"", 1], [""1."", 1], [""테이블"", 1]]"
1906962138,래터레인,광주 동구 동계천로 165-1,동구,35.1492575,126.9272214,https://pcmap.place.naver.com/place/1906962138/home,https://search.pstatic.net/common/?autoRotate=true&quality=95&type=w750&src=https%3A%2F%2Fldb-phinf.pstatic.net%2F20250605_49%2F1749107560700hxwf6_JPEG%2FIMG_8157.jpeg,"아늑, 감성, 조용","대표메뉴: 라떼, 초코, 브라우니 / 분위기: 아늑, 감성 / 맛: 상큼, 달콤 / 주차: 가능","상큼, 달콤, 고소","데이트, 혼카페/작업, 단체/대관","라떼, 초코, 브라우니, 아메리카노, 아이스크림, 바닐라, 에이드, 카페라떼","라떼, 초코, 브라우니",가능,6,68.0,데이트,"아늑,감성,상큼,달콤,데이트","데이트 추천 · 대표메뉴: 라떼, 초코, 브라우니 / 분위기: 아늑, 감성 / 맛: 상큼, 달콤 / 주차: 가능",4500~6800원(대표 5250원),"[4500, 4800, 5000, 5500, 6000, 6800]","[[""래터레"", 23], [""골목"", 22], [""동명동"", 22], [""먹다"", 20], [""크림"", 17], [""딸기"", 15], [""동명"", 13], [""치즈"", 13], [""옷장"", 12], [""사이"", 12], [""분위기"", 12], [""주차장"", 12], [""동구"", 11], [""라떼"", 11], [""크다"", 11], [""동계천"", 10], [""아늑"", 10], [""초코"", 10], [""감성"", 8], [""느낌"", 8], [""달달하다"", 8], [""빵"", 8], [""내부"", 7], [""따뜻"", 7], [""아이스"", 7], [""부기"", 7], [""corp."", 6], [""돈부리"", 6], [""공간"", 6], [""사용"", 6], [""종류"", 6], [""차"", 6], [""일요일"", 5], [""브라우니"", 5], [""아메리카노"", 5], [""헤이즐넛"", 5], [""고소"", 5], [""진하다"", 5], [""달다"", 5], [""래터"", 5]]"
f9f3e26ff99e,러블리카페,광주 동구 동명로 56,동구,35.1511848621295,126.926508961548,nan,,"감성, 넓음, 모던","대표메뉴: 아메리카노 / 분위기: 감성, 넓음 / 맛: 상큼, 담백 / 주차: 가능","상큼, 담백","단체/대관, 데이트, 친구",아메리카노,아메리카노,가능,2,41.5,데이트,"감성,넓음,상큼,담백,단체/대관","데이트 추천 · 대표메뉴: 아메리카노 / 분위기: 감성, 넓음 / 맛: 상큼, 담백 / 주차: 가능",3000~3000원(대표 3000원),[3000],"[[""동명동"", 20], [""러블리"", 17], [""대형"", 11], [""넓다"", 8], [""사장"", 6], [""맥주"", 5], [""지하"", 5], [""운영"", 5], [""동명"", 4], [""깔끔"", 4], [""내부"", 4], [""차"", 4], [""시키다"", 4], [""과일"", 4], [""챙기다"", 4], [""공간"", 4], [""동구"", 3], [""좋아하다"", 3], [""주차"", 3], [""종류"", 3], [""인테리어"", 3], [""느낌"", 3], [""의자"", 3], [""원두"", 3], [""먹다"", 3], [""밤"", 3], [""분위기"", 3], [""감각"", 3], [""corp."", 2], [""친절"", 2], [""acc"", 2], [""주차장"", 2], [""무료"", 2], [""근처"", 2], [""크다"", 2], [""메뉴판"", 2], [""판매"", 2], [""저녁"", 2], [""차분"", 2], [""편하다"", 2]]"
1385828521,레파스 학동점,광주 동구 남문로 669,동구,35.130453,126.9290718,https://pcmap.place.naver.com/place/1385828521/home,https://search.pstatic.net/common/?autoRotate=true&quality=95&type=w750&src=https%3A%2F%2Fldb-phinf.pstatic.net%2F20240722_201%2F1721602287636PPL1K_JPEG%2FIMG_5086.jpeg,"아늑, 넓음, 감성","대표메뉴: 샌드위치, 라떼, 식빵 / 분위기: 아늑, 넓음 / 맛: 단짠/짭짤, 상큼 / 주차: 가능","단짠/짭짤, 상큼, 고소","데이트, 혼카페/작업, 단체/대관","샌드위치, 라떼, 식빵, 아메리카노, 잠봉뵈르, 콜드브루, 에이드, 크루아상","샌드위치, 라떼, 식빵",가능,9,72.0,데이트,"아늑,넓음,단짠/짭짤,상큼,데이트","데이트 추천 · 대표메뉴: 샌드위치, 라떼, 식빵 / 분위기: 아늑, 넓음 / 맛: 단짠/짭짤, 상큼 / 주차: 가능",500~8200원(대표 4650원),"[500, 600, 1000, 2000, 3700, 3800, 3900, 4200, 4300, 4500, 4800, 4900, 5000, 5300, 5500, 5800, 6000, 6500, 6800, 8200]","[[""빵"", 101], [""학동"", 95], [""레파스"", 94], [""소금"", 49], [""동구"", 34], [""샌드위치"", 33], [""먹다"", 32], [""라떼"", 28], [""식빵"", 23], [""빵집"", 21], [""우유"", 20], [""종류"", 20], [""아메리카노"", 18], [""분위기"", 16], [""주차"", 16], [""크로아상"", 15], [""가슴살"", 15], [""버터"", 14], [""남문로"", 14], [""크림"", 13], [""가능"", 13], [""크루아"", 12], [""주차장"", 12], [""내부"", 12], [""느낌"", 12], [""크다"", 11], [""브리오슈"", 11], [""ice"", 11], [""테이블"", 10], [""할인"", 10], [""잠봉뵈르"", 10], [""매장"", 9], [""에이드"", 9], [""담백"", 9], [""딸기"", 9], [""포장"", 9], [""파스"", 9], [""자리"", 9], [""콜드브루"", 9], [""hot"", 9]]"
1472854240,로맨틱뮤지엄,광주 동구 동계천로 110,동구,35.1508666,126.9223057,https://pcmap.place.naver.com/place/1472854240/home,https://search.pstatic.net/common/?autoRotate=true&quality=95&type=w750&src=https%3A%2F%2Fldb-phinf.pstatic.net%2F20251113_86%2F1763007575963tsxip_JPEG%2F1000151593.jpg,"넓음, 테라스, 감성","대표메뉴: 케이크, 타르트, 아메리카노 / 분위기: 넓음, 테라스 / 맛: 상큼, 쌉싸름/다크 / 주차: 가능","상큼, 쌉싸름/다크, 달콤","데이트, 친구, 혼카페/작업","케이크, 타르트, 아메리카노, 말차, 초코, 브라우니, 라떼, 에이드","케이크, 타르트, 아메리카노",가능,4,62.7,데이트,"넓음,테라스,상큼,쌉싸름/다크,데이트","데이트 추천 · 대표메뉴: 케이크, 타르트, 아메리카노 / 분위기: 넓음, 테라스 / 맛: 상큼, 쌉싸름/다크 / 주차: 가능",500~500원(대표 500원),[500],"[[""케이크"", 13], [""로맨틱"", 12], [""뮤지엄"", 11], [""동명동"", 9], [""먹다"", 9], [""타르트"", 7], [""자리"", 6], [""가능"", 6], [""친구"", 5], [""테라스"", 5], [""치즈"", 5], [""테이블"", 5], [""사람"", 4], [""외부"", 4], [""앉다"", 4], [""분위기"", 4], [""말차"", 4], [""초코"", 4], [""corp."", 4], [""동구"", 4], [""동계천"", 4], [""벚꽃"", 4], [""준비"", 4], [""아메리카노"", 4], [""고양이"", 4], [""내부"", 3], [""로프"", 3], [""크로플"", 3], [""브라우니"", 3], [""라떼"", 3], [""딸기"", 3], [""크림"", 3], [""카페인"", 3], [""올라가다"", 3], [""어울리다"", 3], [""공주"", 3], [""종류"", 3], [""인테리어"", 2], [""과일"", 2], [""크다"", 2]]"
1812591158,로우 딥 빙 스틸,광주 동구 백서로153번길 6-1,동구,35.1436787,126.9219474,https://pcmap.place.naver.com/place/1812591158/home,https://search.pstatic.net/common/?autoRotate=true&quality=95&type=w750&src=https%3A%2F%2Fldb-phinf.pstatic.net%2F20180321_208%2F1521599630739lKniU_PNG%2FVVqWiSnOBWC0tpgB-weqF5Km.png,"넓음, 조용, 아늑","대표메뉴: 베이글, 잠봉뵈르, 라떼 / 분위기: 넓음, 조용 / 맛: 고소, 진함 / 주차: 가능","고소, 진함, 담백","데이트, 단체/대관, 친구","베이글, 잠봉뵈르, 라떼, 피스타치오, 아메리카노, 아이스크림, 쿠키, 샐러드","베이글, 잠봉뵈르, 라떼",가능,9,72.0,데이트,"넓음,조용,고소,진함,데이트","데이트 추천 · 대표메뉴: 베이글, 잠봉뵈르, 라떼 / 분위기: 넓음, 조용 / 맛: 고소, 진함 / 주차: 가능",1500~16900원(대표 5000원),"[1500, 2500, 4000, 4500, 5000, 6000, 6500, 8200, 16900]","[[""베이글"", 93], [""먹다"", 43], [""버터"", 27], [""로우"", 24], [""스틸"", 24], [""동구"", 16], [""시간"", 14], [""병원"", 14], [""백서"", 13], [""still"", 12], [""올리브"", 12], [""빵"", 12], [""corp."", 11], [""고모"", 11], [""무화과"", 10], [""low"", 9], [""deep"", 9], [""being"", 9], [""아침"", 8], [""이야기"", 8], [""크랜베리"", 8], [""근처"", 8], [""라떼"", 7], [""피스타치오"", 7], [""휴무"", 7], [""기본"", 7], [""잠봉뵈르"", 7], [""서석"", 6], [""자리"", 6], [""맛나다"", 6], [""크림"", 6], [""치즈"", 6], [""고요"", 6], [""고소"", 6], [""아메리카노"", 6], [""골목"", 5], [""점심"", 5], [""낮다"", 5], [""깊다"", 5], [""오픈"", 5]]"
1483507797,빈드럭스,광주 동구 지호로124번길 32,동구,35.1866881,126.9025976,https://pcmap.place.naver.com/place/1483507797/home,https://search.pstatic.net/common/?autoRotate=true&quality=95&type=w750&src=https%3A%2F%2Fldb-phinf.pstatic.net%2F20230415_109%2F1681567043485f2Lpg_JPEG%2FA208A14C-2242-432D-AEF2-29A47F933E93.jpeg,"넓음, 뷰/통창, 조용","대표메뉴: 베이글, 초코, 쿠키 / 분위기: 넓음, 뷰/통창 / 맛: 쌉싸름/다크, 고소 / 주차: 가능","쌉싸름/다크, 고소, 달콤","혼카페/작업, 데이트, 단체/대관","베이글, 초코, 쿠키, 말차, 라떼, 스콘, 아메리카노, 아이스크림","베이글, 초코, 쿠키",가능,10,73.3,데이트,"넓음,뷰/통창,쌉싸름/다크,고소,혼카페/작업","데이트 추천 · 대표메뉴: 베이글, 초코, 쿠키 / 분위기: 넓음, 뷰/통창 / 맛: 쌉싸름/다크, 고소 / 주차: 가능",3800~9000원(대표 5400원),"[3800, 4500, 4900, 5000, 5800, 6700, 7000, 9000]","[[""베이글"", 116], [""먹다"", 51], [""공간"", 32], [""자리"", 22], [""무등산"", 22], [""럭스"", 18], [""느낌"", 17], [""넓다"", 15], [""쌀"", 15], [""치즈"", 14], [""분위기"", 14], [""북구"", 13], [""초코"", 13], [""키오스크"", 13], [""오치동"", 12], [""코코럽"", 12], [""동구"", 12], [""해골"", 12], [""사람"", 11], [""주차장"", 11], [""쿠키"", 11], [""마시다"", 11], [""가능"", 11], [""주차"", 10], [""종류"", 10], [""아인슈페너"", 10], [""말차"", 10], [""지호로"", 10], [""올라가다"", 10], [""앉다"", 10], [""서하로"", 9], [""고르다"", 9], [""크림"", 9], [""라떼"", 9], [""창가"", 9], [""즐기다"", 9], [""테이블"", 9], [""시간"", 9], [""대형"", 9], [""나다"", 8]]"
d5e4dc9e8444,사실빙 광주계림점,광주 동구 무등로 406-1,동구,35.1593404316485,126.926613578649,nan,,,근거 텍스트가 부족합니다(블로그/설명 추가 수집 권장).,,,,,,0,0.0,기본,,기본 추천 · 근거 텍스트가 부족합니다(블로그/설명 추가 수집 권장).,,[],[]
f967d2843009,설빙 광주조선대점,광주 동구 필문대로287번길 23-4,동구,35.145027717736,126.929636519039,nan,,,근거 텍스트가 부족합니다(블로그/설명 추가 수집 권장).,,,,,,0,0.0,기본,,기본 추천 · 근거 텍스트가 부족합니다(블로그/설명 추가 수집 권장).,,[],[]
29176ecb60cf,설빙 광주충장로점,광주 동구 중앙로160번길 31-11,동구,35.146898658849786,126.91641676559033,nan,,,근거 텍스트가 부족합니다(블로그/설명 추가 수집 권장).,,,,,,0,0.0,기본,,기본 추천 · 근거 텍스트가 부족합니다(블로그/설명 추가 수집 권장).,,[],[]
34589988,소맥베이커리,광주 동구 문화전당로26번길 10-2,동구,35.1451338,126.9206672,https://pcmap.place.naver.com/place/34589988/home,https://search.pstatic.net/common/?autoRotate=true&quality=95&type=w750&src=https%3A%2F%2Fldb-phinf.pstatic.net%2F20170831_137%2F1504156456697eBWtz_JPEG%2FARG6ZH3mhu4PO6KcT1RFrxQF.JPG.jpg,"넓음, 모던, 키즈/가족친화","대표메뉴: 케이크, 초코, 식빵 / 분위기: 넓음, 모던 / 맛: 단짠/짭짤, 상큼 / 주차: 가능","단짠/짭짤, 상큼, 고소","단체/대관, 데이트, 가족","케이크, 초코, 식빵, 샌드위치, 피자, 파이, 아메리카노, 타르트","케이크, 초코, 식빵",가능,6,68.0,데이트,"넓음,모던,단짠/짭짤,상큼,단체/대관","데이트 추천 · 대표메뉴: 케이크, 초코, 식빵 / 분위기: 넓음, 모던 / 맛: 단짠/짭짤, 상큼 / 주차: 가능",500~31900원(대표 4100원),"[500, 800, 2300, 3000, 3500, 4700, 5500, 7000, 15000, 31900]","[[""빵"", 147], [""소맥"", 97], [""빵집"", 57], [""크림"", 46], [""봉선"", 45], [""먹다"", 44], [""봉선동"", 29], [""케이크"", 29], [""종류"", 23], [""매장"", 21], [""카스테라"", 18], [""초코"", 17], [""바게트"", 16], [""치즈"", 16], [""주차장"", 15], [""판매"", 15], [""본점"", 15], [""유명"", 14], [""순례"", 14], [""주차"", 14], [""식빵"", 14], [""공간"", 12], [""시간"", 12], [""크리스마스"", 12], [""다녀오다"", 10], [""소금"", 10], [""모찌"", 9], [""당일"", 9], [""내부"", 9], [""기대"", 9], [""샌드위치"", 8], [""피자"", 8], [""예약"", 8], [""고르다"", 8], [""분위기"", 8], [""느낌"", 8], [""즐기다"", 8], [""달인"", 7], [""문화"", 7], [""전당"", 7]]"
37995829,솔티드머랭,광주 동구 백서로 229,동구,35.1482022,126.9266163,https://pcmap.place.naver.com/place/37995829/home,https://search.pstatic.net/common/?autoRotate=true&quality=95&type=w750&src=https%3A%2F%2Fldb-phinf.pstatic.net%2F20200219_143%2F1582081739687IKNNb_JPEG%2Fimage.jpg,"모던, 키즈/가족친화","대표메뉴: 케이크, 초코, 치즈케이크 / 분위기: 모던, 키즈/가족친화 / 맛: 상큼, 달콤 / 주차: 가능","상큼, 달콤, 담백","가족, 친구, 단체/대관","케이크, 초코, 치즈케이크","케이크, 초코, 치즈케이크",가능,2,41.3,가족,"모던,키즈/가족친화,상큼,달콤,가족","가족 추천 · 대표메뉴: 케이크, 초코, 치즈케이크 / 분위기: 모던, 키즈/가족친화 / 맛: 상큼, 달콤 / 주차: 가능",,[],"[[""케이크"", 40], [""크림"", 15], [""레몬"", 11], [""딸기"", 11], [""치즈"", 8], [""동명동"", 7], [""초코"", 7], [""마카롱"", 6], [""먹다"", 6], [""머랭"", 5], [""동구"", 4], [""백서"", 4], [""조각"", 4], [""주차장"", 3], [""판매"", 3], [""당근"", 3], [""오랜만"", 3], [""영업"", 3], [""영업시간"", 2], [""화요일"", 2], [""정기"", 2], [""휴무"", 2], [""전문"", 2], [""진담"", 2], [""친구"", 2], [""전화"", 2], [""쇼케이스"", 2], [""매장"", 2], [""깔끔"", 2], [""시트"", 2], [""어울리다"", 2], [""상큼"", 2], [""종류"", 2], [""구매"", 2], [""칵테일"", 2], [""고급"", 2], [""프로마주크뤼"", 2], [""치즈케이크"", 2], [""달다"", 2], [""corp."", 2]]"
dee5c935feda,수선화 플라워카페,광주 동구 남문로 689,동구,35.1320365874574,126.928453945858,nan,,"감성, 넓음, 조용","대표메뉴: 파이 / 분위기: 감성, 넓음",,"데이트, 혼카페/작업, 단체/대관",파이,파이,,1,9.2,데이트,"감성,넓음,데이트","데이트 추천 · 대표메뉴: 파이 / 분위기: 감성, 넓음",,[],"[[""수선화"", 4], [""플라워"", 4], [""작다"", 4], [""분위기"", 3], [""선물"", 3], [""공간"", 3], [""어우러지다"", 2], [""들어오다"", 2], [""놓이다"", 2], [""덕분"", 2], [""자리"", 2], [""한쪽"", 2], [""화분"", 2], [""준비"", 2], [""올라가다"", 2], [""flower"", 2], [""cafe"", 2], [""제작"", 2], [""드리다"", 2], [""보라색"", 2], [""안녕"", 1], [""회사"", 1], [""선임"", 1], [""선생"", 1], [""승진"", 1], [""축하"", 1], [""기념"", 1], [""남기다"", 1], [""서구"", 1], [""화정"", 1], [""영업시간"", 1], [""브레이크"", 1], [""타임"", 1], [""월요일"", 1], [""휴무"", 1], [""전화"", 1], [""번호"", 1], [""학동"", 1], [""증심사"", 1], [""출구"", 1]]"
1574640772,스콘스,광주 동구 동명로 41-2,동구,35.1517138,126.9253292,https://pcmap.place.naver.com/place/1574640772/home,https://search.pstatic.net/common/?autoRotate=true&quality=95&type=w750&src=https%3A%2F%2Fldb-phinf.pstatic.net%2F20240626_246%2F1719333864918LJrKK_JPEG%2FEBA693FC-DB98-4A0B-BAFB-DAAF1BA7B1EC.jpeg,"넓음, 아늑, 감성","대표메뉴: 스콘, 아메리카노, 밀크티 / 분위기: 넓음, 아늑 / 맛: 고소, 진함 / 주차: 가능","고소, 진함, 담백","데이트, 친구, 단체/대관","스콘, 아메리카노, 밀크티, 카페라떼, 말차, 초코, 바닐라, 라떼","스콘, 아메리카노, 밀크티",가능,6,68.0,데이트,"넓음,아늑,고소,진함,데이트","데이트 추천 · 대표메뉴: 스콘, 아메리카노, 밀크티 / 분위기: 넓음, 아늑 / 맛: 고소, 진함 / 주차: 가능",500~4800원(대표 2650원),"[500, 4800]","[[""스콘"", 75], [""먹다"", 28], [""동명동"", 19], [""포장"", 11], [""동구"", 10], [""동명"", 9], [""버터"", 9], [""잼"", 9], [""매장"", 7], [""스다"", 7], [""자리"", 7], [""빵"", 6], [""사다"", 6], [""친구"", 5], [""퍽퍽하다"", 5], [""예약"", 5], [""여유"", 5], [""아메리카노"", 5], [""크림"", 5], [""바질"", 5], [""카야"", 5], [""다녀오다"", 4], [""종류"", 4], [""corp."", 4], [""분위기"", 4], [""앉다"", 4], [""즐기다"", 4], [""마시다"", 4], [""클로"", 4], [""토마토"", 4], [""마음"", 3], [""깔끔"", 3], [""모양"", 3], [""박스"", 3], [""담다"", 3], [""월요일"", 3], [""휴무"", 3], [""이름"", 3], [""영업시간"", 3], [""정도"", 3]]"
36416957,시스살롱,광주 동구 백서로 219,동구,35.1474337,126.926284,https://pcmap.place.naver.com/place/36416957/home,https://search.pstatic.net/common/?autoRotate=true&quality=95&type=w750&src=https%3A%2F%2Fldb-phinf.pstatic.net%2F20200218_117%2F1582009091525hfm52_JPEG%2Fimage.jpg,"모던, 아늑, 감성","대표메뉴: 케이크, 초코, 쿠키 / 분위기: 모던, 아늑 / 맛: 상큼, 달콤 / 주차: 가능","상큼, 달콤, 담백","단체/대관, 친구, 데이트","케이크, 초코, 쿠키, 푸딩, 휘낭시에, 파이, 라떼, 브라우니","케이크, 초코, 쿠키",가능,7,69.3,데이트,"모던,아늑,상큼,달콤,단체/대관","데이트 추천 · 대표메뉴: 케이크, 초코, 쿠키 / 분위기: 모던, 아늑 / 맛: 상큼, 달콤 / 주차: 가능",500~5000원(대표 1500원),"[500, 1000, 1500, 4000, 5000]","[[""케이크"", 108], [""먹다"", 85], [""시스"", 42], [""살롱"", 42], [""마카롱"", 39], [""가능"", 31], [""corp."", 28], [""포장"", 24], [""동구"", 22], [""사다"", 22], [""크림"", 18], [""준비"", 17], [""딸기"", 17], [""예약"", 16], [""시간"", 14], [""사람"", 13], [""레터"", 13], [""친구"", 13], [""동명동"", 12], [""분위기"", 12], [""종류"", 12], [""빵"", 12], [""백서"", 11], [""주차"", 11], [""좋아하다"", 11], [""초코"", 10], [""앤드"", 10], [""사장"", 9], [""엄마"", 9], [""깔끔"", 9], [""쿠키"", 9], [""조각"", 9], [""주차장"", 8], [""시키다"", 8], [""매장"", 8], [""볶음밥"", 8], [""서구"", 8], [""고양이"", 8], [""위트"", 8], [""푸딩"", 8]]"
1470674702,아멜리아,광주 동구 경양로 234,동구,35.1562655,126.9145805,https://pcmap.place.naver.com/place/1470674702/home,https://search.pstatic.net/common/?autoRotate=true&quality=95&type=w750&src=https%3A%2F%2Fldb-phinf.pstatic.net%2F20251019_105%2F1760875648914QwjaH_JPEG%2F%25C3%25CA%25C4%25DA%25B3%25C9_%25B0%25F5%25C5%25F5%25BD%25BA.jpg,"감성, 모던, 넓음","대표메뉴: 케이크 / 분위기: 감성, 모던 / 맛: 상큼, 달콤","상큼, 달콤, 담백","친구, 데이트, 단체/대관",케이크,케이크,,2,19.5,데이트,"감성,모던,상큼,달콤,친구","데이트 추천 · 대표메뉴: 케이크 / 분위기: 감성, 모던 / 맛: 상큼, 달콤",17000~42000원(대표 28000원),"[17000, 28000, 42000]","[[""케이크"", 31], [""동명동"", 9], [""친구"", 8], [""동구"", 6], [""라스트"", 5], [""오더"", 5], [""사장"", 5], [""디자인"", 5], [""blog.naver.com"", 5], [""제작"", 4], [""주차"", 4], [""매장"", 4], [""생일"", 4], [""브레이크"", 4], [""타임"", 4], [""계림"", 3], [""휴무"", 3], [""상가"", 3], [""고르다"", 3], [""딸기"", 3], [""데이트"", 3], [""동명"", 3], [""픽업"", 2], [""시간"", 2], [""따르다"", 2], [""상이"", 2], [""corp."", 2], [""판매"", 2], [""종류"", 2], [""필요"", 2], [""그랜드 센트럴"", 2], [""외관"", 2], [""유럽"", 2], [""위하다"", 2], [""내부"", 2], [""포스터"", 2], [""내리쬐다"", 2], [""아래"", 2], [""붙다"", 2], [""감성"", 2]]"
1498769920,아우스밀,광주 동구 동명로25번길 4-1,동구,35.1515294,126.9232328,https://pcmap.place.naver.com/place/1498769920/home,https://search.pstatic.net/common/?autoRotate=true&quality=95&type=w750&src=https%3A%2F%2Fldb-phinf.pstatic.net%2F20241031_276%2F17303393106967bnIt_JPEG%2F%25C3%25D6%25C1%25BE4.jpg,"감성, 반려동물, 테라스","대표메뉴: 케이크, 휘낭시에, 피스타치오 / 분위기: 감성, 반려동물 / 맛: 단짠/짭짤, 달콤 / 주차: 가능","단짠/짭짤, 달콤, 고소","단체/대관, 혼카페/작업, 반려동물/애견동반","케이크, 휘낭시에, 피스타치오, 초코, 식빵, 베이글, 치즈케이크, 파이","케이크, 휘낭시에, 피스타치오",가능,10,73.3,혼카페/작업,"감성,반려동물,단짠/짭짤,달콤,단체/대관","혼카페/작업 추천 · 대표메뉴: 케이크, 휘낭시에, 피스타치오 / 분위기: 감성, 반려동물 / 맛: 단짠/짭짤, 달콤 / 주차: 가능",2000~19000원(대표 8800원),"[2000, 3500, 3800, 7500, 8800, 8900, 9300, 9500, 19000]","[[""빵"", 114], [""먹다"", 100], [""케이크"", 64], [""소금"", 58], [""사다"", 44], [""스미다"", 36], [""동구"", 34], [""유명"", 32], [""휘낭시에"", 27], [""동명동"", 26], [""매장"", 26], [""포장"", 24], [""오픈"", 23], [""동명"", 22], [""기다리다"", 21], [""정도"", 21], [""치즈"", 20], [""크림"", 20], [""가능"", 19], [""종류"", 19], [""휘낭시"", 18], [""명란"", 18], [""우스"", 17], [""구황"", 17], [""작물"", 17], [""고구마"", 15], [""사장"", 15], [""마이"", 15], [""여행"", 15], [""내부"", 15], [""두바이"", 15], [""예약"", 15], [""판매"", 14], [""흑임자"", 14], [""사람"", 14], [""좋아하다"", 14], [""ausmehl"", 13], [""서다"", 13], [""카라멜"", 13], [""나다"", 13]]"
1630622310,아프레시,광주 동구 동명로26번길 17,동구,35.1511582,126.9259352,https://pcmap.place.naver.com/place/1630622310/home,https://search.pstatic.net/common/?autoRotate=true&quality=95&type=w750&src=https%3A%2F%2Fldb-phinf.pstatic.net%2F20230531_230%2F16855190034937jtpI_JPEG%2F34647304-9580-4EB8-AF15-00CA9B506D7E.jpeg,"넓음, 감성, 뷰/통창","대표메뉴: 베이글, 초코, 케이크 / 분위기: 넓음, 감성 / 맛: 단짠/짭짤, 상큼 / 주차: 가능","단짠/짭짤, 상큼, 고소","단체/대관, 데이트, 친구","베이글, 초코, 케이크, 식빵, 라떼, 아메리카노, 말차, 에이드","베이글, 초코, 케이크",가능,10,73.3,데이트,"넓음,감성,단짠/짭짤,상큼,단체/대관","데이트 추천 · 대표메뉴: 베이글, 초코, 케이크 / 분위기: 넓음, 감성 / 맛: 단짠/짭짤, 상큼 / 주차: 가능",500~9000원(대표 6250원),"[500, 3500, 3800, 4000, 4500, 6000, 6500, 6800, 7000, 7500, 8500, 9000]","[[""베이글"", 96], [""빵"", 69], [""먹다"", 44], [""크림"", 44], [""동구"", 37], [""동명동"", 36], [""치즈"", 33], [""샌드"", 30], [""동명"", 28], [""소금"", 25], [""유명"", 21], [""주차"", 19], [""딸기"", 19], [""가능"", 18], [""주차장"", 17], [""느낌"", 16], [""내부"", 15], [""초코"", 15], [""매장"", 15], [""종류"", 14], [""맘모스"", 14], [""쫀득하다"", 13], [""동계천"", 13], [""corp."", 12], [""제리"", 12], [""인테리어"", 12], [""팥"", 11], [""크림치즈"", 11], [""택배"", 11], [""예약"", 11], [""분위기"", 10], [""잼"", 10], [""앙금"", 10], [""케이크"", 10], [""휴무"", 9], [""공간"", 9], [""사다"", 9], [""포장"", 9], [""나다"", 9], [""명란"", 8]]"
2073317566,에브르인테라스,광주 동구 제봉로110번길 1,동구,35.1484606,126.9222057,https://pcmap.place.naver.com/place/2073317566/home,https://search.pstatic.net/common/?autoRotate=true&quality=95&type=w750&src=https%3A%2F%2Fvideo-phinf.pstatic.net%2F20251204_261%2F1764856190820k2b1q_JPEG%2FOixSJg3qa7_03.jpg,"테라스, 넓음, 감성","대표메뉴: 케이크, 타르트, 아메리카노 / 분위기: 테라스, 넓음 / 맛: 상큼, 단짠/짭짤 / 주차: 가능","상큼, 단짠/짭짤, 담백","데이트, 단체/대관, 가족","케이크, 타르트, 아메리카노, 초코, 라떼, 에이드, 쿠키, 바닐라","케이크, 타르트, 아메리카노",가능,9,72.0,데이트,"테라스,넓음,상큼,단짠/짭짤,데이트","데이트 추천 · 대표메뉴: 케이크, 타르트, 아메리카노 / 분위기: 테라스, 넓음 / 맛: 상큼, 단짠/짭짤 / 주차: 가능",3500~13000원(대표 6000원),"[3500, 3800, 4000, 4300, 4500, 4600, 5500, 6500, 7000, 7500, 8500, 9500, 11000, 13000]","[[""테라스"", 109], [""동명동"", 73], [""에브르"", 63], [""케이크"", 27], [""신상"", 27], [""자리"", 23], [""먹다"", 19], [""브르"", 19], [""주차장"", 14], [""크림"", 14], [""루프"", 14], [""은행나무"", 14], [""앉다"", 14], [""동구"", 13], [""분위기"", 13], [""에그"", 12], [""타르트"", 12], [""테이블"", 12], [""가능"", 12], [""제봉로"", 11], [""아메리카노"", 11], [""acc"", 10], [""가을"", 10], [""에브르인"", 10], [""초코"", 9], [""올라가다"", 9], [""사다"", 9], [""시간"", 9], [""주차"", 8], [""빵"", 8], [""누네띠네"", 8], [""데이트"", 8], [""라떼"", 8], [""딸기"", 8], [""내다"", 8], [""생기다"", 7], [""치즈"", 7], [""감성"", 7], [""인기"", 7], [""소금"", 7]]"
1116850746,엠버스 베이크샵,광주 동구 장동로 19-2,동구,35.1484326,126.9242743,https://pcmap.place.naver.com/place/1116850746/home,https://search.pstatic.net/common/?autoRotate=true&quality=95&type=w750&src=https%3A%2F%2Fldb-phinf.pstatic.net%2F20251216_140%2F1765868291614By7SF_JPEG%2F1765604001211.jpg,"넓음, 아늑, 테라스","대표메뉴: 푸딩, 케이크, 스콘 / 분위기: 넓음, 아늑 / 맛: 고소, 상큼 / 주차: 가능","고소, 상큼, 담백","데이트, 친구, 혼카페/작업","푸딩, 케이크, 스콘, 초코, 피스타치오, 라떼, 에이드, 타르트","푸딩, 케이크, 스콘",가능,9,72.0,데이트,"넓음,아늑,고소,상큼,데이트","데이트 추천 · 대표메뉴: 푸딩, 케이크, 스콘 / 분위기: 넓음, 아늑 / 맛: 고소, 상큼 / 주차: 가능",3300~24300원(대표 5800원),"[3300, 4500, 4800, 5000, 5500, 5800, 6000, 6500, 6800, 7000, 24300]","[[""푸딩"", 61], [""크림"", 55], [""동명동"", 52], [""요크셔"", 52], [""영국"", 25], [""영국식"", 24], [""주차"", 23], [""빵"", 23], [""동구"", 22], [""장동"", 22], [""가능"", 21], [""주차장"", 19], [""판매"", 19], [""케이크"", 18], [""스콘"", 17], [""자리"", 17], [""분위기"", 17], [""내부"", 16], [""올라가다"", 16], [""초코"", 16], [""피스타치오"", 16], [""무료"", 15], [""앉다"", 15], [""먹다"", 15], [""히비스커스"", 15], [""파운드"", 14], [""느낌"", 14], [""고르다"", 13], [""동명"", 13], [""무화과"", 13], [""신상"", 13], [""베이크샵"", 12], [""acc"", 12], [""시간"", 12], [""테라스"", 12], [""라즈베리"", 12], [""골목"", 12], [""친구"", 12], [""화장실"", 12], [""사장"", 11]]"
08c60d86f01a,여기카페,광주 동구 장동로 15-1,동구,35.14862239879176,126.92376222867377,nan,,,근거 텍스트가 부족합니다(블로그/설명 추가 수집 권장).,,,,,,0,0.0,기본,,기본 추천 · 근거 텍스트가 부족합니다(블로그/설명 추가 수집 권장).,,[],[]
1078875988,오리엔스,광주 동구 동계천로 151-5,동구,35.149216,126.9257319,https://pcmap.place.naver.com/place/1078875988/home,https://search.pstatic.net/common/?autoRotate=true&quality=95&type=w750&src=https%3A%2F%2Fldb-phinf.pstatic.net%2F20251201_66%2F1764595808905Ui6zB_JPEG%2F1000174090.jpg,"한옥/전통, 넓음, 아늑","대표메뉴: 아메리카노, 에이드, 파스타 / 분위기: 한옥/전통, 넓음 / 맛: 상큼, 달콤 / 주차: 혼재(확인필요)","상큼, 달콤, 담백","데이트, 친구, 단체/대관","아메리카노, 에이드, 파스타, 라떼, 케이크, 타르트, 피자, 말차","아메리카노, 에이드, 파스타",혼재(확인필요),7,59.3,데이트,"한옥/전통,넓음,상큼,달콤,데이트","데이트 추천 · 대표메뉴: 아메리카노, 에이드, 파스타 / 분위기: 한옥/전통, 넓음 / 맛: 상큼, 달콤 / 주차: 혼재(확인필요)",10000~10000원(대표 10000원),[10000],"[[""동명동"", 30], [""먹다"", 22], [""동구"", 17], [""분위기"", 16], [""느낌"", 15], [""우동"", 15], [""공간"", 13], [""시간"", 12], [""한옥"", 12], [""동계천"", 11], [""여행"", 11], [""주차"", 11], [""아메리카노"", 10], [""휴무"", 9], [""이색"", 9], [""와인"", 9], [""정기"", 8], [""친구"", 8], [""에이드"", 8], [""자리"", 8], [""차"", 8], [""화장실"", 7], [""감성"", 7], [""드리다"", 7], [""코스"", 7], [""상추튀김"", 7], [""유명"", 6], [""크다"", 6], [""원두"", 6], [""가능"", 6], [""넓다"", 6], [""마시다"", 6], [""나누다"", 6], [""동명"", 6], [""파스타"", 6], [""운영"", 6], [""떡갈비"", 6], [""corp."", 5], [""아늑"", 5], [""조화"", 5]]"
11a5bf2e12dc,오버롤,광주 동구 동계천로 135-6,동구,35.1496792919276,126.924557980044,nan,,"감성, 아늑, 넓음","대표메뉴: 케이크, 초코, 라떼 / 분위기: 감성, 아늑 / 맛: 달콤 / 주차: 가능",달콤,데이트,"케이크, 초코, 라떼, 아메리카노, 바닐라, 휘낭시에","케이크, 초코, 라떼",가능,1,39.2,데이트,"감성,아늑,달콤,데이트","데이트 추천 · 대표메뉴: 케이크, 초코, 라떼 / 분위기: 감성, 아늑 / 맛: 달콤 / 주차: 가능",,[],"[[""파트"", 13], [""오브"", 13], [""런던"", 13], [""동명동"", 12], [""감성"", 5], [""재생"", 4], [""주차장"", 3], [""자리"", 3], [""햇살"", 3], [""데이트"", 3], [""동리"", 2], [""따르다"", 2], [""점심"", 2], [""동구"", 2], [""동계천"", 2], [""acc"", 2], [""부설"", 2], [""적용"", 2], [""반기다"", 2], [""달콤"", 2], [""초코"", 2], [""케이크"", 2], [""공간"", 2], [""분위기"", 2], [""설레다"", 2], [""기분"", 2], [""따스"", 2], [""거리"", 1], [""대표"", 1], [""밥집"", 1], [""저스트"", 1], [""기온"", 1], [""오르다"", 1], [""날씨"", 1], [""살랑이다"", 1], [""봄바람"", 1], [""내다"", 1], [""사다"", 1], [""blog.naver.com"", 1], [""먹다"", 1]]"
1401194618,올데이피크닉,광주 동구 제봉로110번길 20,동구,35.1490649,126.9239777,https://pcmap.place.naver.com/place/1401194618/home,https://search.pstatic.net/common/?autoRotate=true&quality=95&type=w750&src=https%3A%2F%2Fldb-phinf.pstatic.net%2F20240916_190%2F1726468442493ehbnq_JPEG%2FIMG_1833.jpeg,"넓음, 테라스, 뷰/통창","대표메뉴: 아메리카노, 라떼, 아이스크림 / 분위기: 넓음, 테라스 / 맛: 달콤, 고소 / 주차: 가능","달콤, 고소, 상큼","데이트, 친구, 단체/대관","아메리카노, 라떼, 아이스크림, 바닐라, 케이크, 빙수, 에이드, 초코","아메리카노, 라떼, 아이스크림",가능,8,70.7,데이트,"넓음,테라스,달콤,고소,데이트","데이트 추천 · 대표메뉴: 아메리카노, 라떼, 아이스크림 / 분위기: 넓음, 테라스 / 맛: 달콤, 고소 / 주차: 가능",800~15000원(대표 5650원),"[800, 1400, 2800, 4800, 6500, 6800, 8000, 15000]","[[""피크닉"", 55], [""데이"", 50], [""동명동"", 18], [""아메리카노"", 16], [""주차"", 16], [""동구"", 12], [""제봉로"", 12], [""아이스"", 12], [""테이블"", 12], [""테라스"", 12], [""먹다"", 12], [""좌석"", 11], [""내부"", 11], [""자리"", 10], [""라떼"", 10], [""아이스크림"", 9], [""corp."", 8], [""의자"", 8], [""바닐라"", 8], [""크다"", 7], [""로프"", 7], [""카페인"", 7], [""색감"", 7], [""크로플"", 7], [""앉다"", 7], [""케이크"", 7], [""넓다"", 7], [""공간"", 7], [""라테"", 7], [""주차장"", 6], [""들어오다"", 6], [""영업시간"", 6], [""분위기"", 6], [""달콤"", 6], [""입구"", 5], [""야외"", 5], [""햇살"", 5], [""마시다"", 5], [""에이드"", 5], [""빙수"", 5]]"
2090740738,요거트아이스크림의정석 광주계림점,광주 동구 무등로375번길 22,동구,35.1624603,126.9242804,https://pcmap.place.naver.com/place/2090740738/home,https://search.pstatic.net/common/?autoRotate=true&quality=95&type=w750&src=https%3A%2F%2Fldb-phinf.pstatic.net%2F20250704_115%2F1751568893654Og4RT_JPEG%2F1751514231709.jpg,,근거 텍스트가 부족합니다(블로그/설명 추가 수집 권장).,,,,,,0,0.0,기본,,기본 추천 · 근거 텍스트가 부족합니다(블로그/설명 추가 수집 권장).,,[],[]
1235099150,요거트아이스크림의정석 광주동구점,광주 동구 충장로 101-5,동구,35.1473761,126.9181991,https://pcmap.place.naver.com/place/1235099150/home,https://search.pstatic.net/common/?autoRotate=true&quality=95&type=w750&src=https%3A%2F%2Fldb-phinf.pstatic.net%2F20230723_176%2F1690100962716tC4gX_JPEG%2FEC994825-FDDE-4980-8FAB-A45BE85024BF.jpeg,,근거 텍스트가 부족합니다(블로그/설명 추가 수집 권장).,,,,,,0,0.0,기본,,기본 추천 · 근거 텍스트가 부족합니다(블로그/설명 추가 수집 권장).,,[],[]
c6b49800f2fd,요거팡 동구조대점,광주 동구 지산로 42,동구,35.14750979163498,126.93231753778664,nan,,,근거 텍스트가 부족합니다(블로그/설명 추가 수집 권장).,,,,,,0,0.0,기본,,기본 추천 · 근거 텍스트가 부족합니다(블로그/설명 추가 수집 권장).,,[],[]
a7042118995c,울림,광주 동구 의재로33번길 19,동구,35.1343675757172,126.931686536657,nan,,"넓음, 아늑, 감성","대표메뉴: 케이크, 아메리카노, 쿠키 / 분위기: 넓음, 아늑 / 맛: 담백, 상큼 / 주차: 가능","담백, 상큼, 달콤","데이트, 혼카페/작업, 가족","케이크, 아메리카노, 쿠키, 아이스크림, 라떼, 바닐라, 초코, 휘낭시에","케이크, 아메리카노, 쿠키",가능,10,73.3,데이트,"넓음,아늑,담백,상큼,데이트","데이트 추천 · 대표메뉴: 케이크, 아메리카노, 쿠키 / 분위기: 넓음, 아늑 / 맛: 담백, 상큼 / 주차: 가능",4000~7300원(대표 5850원),"[4000, 5700, 6000, 7300]","[[""공간"", 35], [""느낌"", 32], [""분위기"", 32], [""자리"", 29], [""케이크"", 24], [""넓다"", 24], [""먹다"", 22], [""신상"", 22], [""북구"", 20], [""대형"", 20], [""테이블"", 18], [""주차장"", 18], [""중흥"", 18], [""아메리카노"", 15], [""무등"", 14], [""인테리어"", 14], [""편하다"", 14], [""중흥동"", 14], [""건물"", 13], [""크로플"", 13], [""근처"", 12], [""쿠키"", 12], [""라떼"", 12], [""아이스크림"", 12], [""모르다"", 12], [""테라스"", 12], [""내부"", 12], [""감성"", 11], [""좌석"", 11], [""크다"", 11], [""사람"", 11], [""마시다"", 11], [""치즈"", 11], [""들어오다"", 10], [""노트북"", 10], [""읽다"", 10], [""바닐라"", 10], [""아포가토"", 10], [""corp."", 9], [""곳곳"", 9]]"
1205175454,인세인쿠키,광주 동구 백서로 212,동구,35.1466387,126.9261568,https://pcmap.place.naver.com/place/1205175454/home,https://search.pstatic.net/common/?autoRotate=true&quality=95&type=w750&src=https%3A%2F%2Fldb-phinf.pstatic.net%2F20251015_110%2F1760535153571LzeN1_JPEG%2FIMG_5639.jpeg,"모던, 아늑, 감성","대표메뉴: 쿠키, 초코, 말차 / 분위기: 모던, 아늑 / 맛: 쌉싸름/다크, 고소 / 주차: 가능","쌉싸름/다크, 고소, 달콤","단체/대관, 친구, 데이트","쿠키, 초코, 말차, 카다이프, 아메리카노, 에이드, 파이, 크루아상","쿠키, 초코, 말차",가능,8,67.7,데이트,"모던,아늑,쌉싸름/다크,고소,단체/대관","데이트 추천 · 대표메뉴: 쿠키, 초코, 말차 / 분위기: 모던, 아늑 / 맛: 쌉싸름/다크, 고소 / 주차: 가능",1000~5900원(대표 4300원),"[1000, 2000, 3900, 4000, 4100, 4500, 4700, 4900, 5700, 5900]","[[""쿠키"", 237], [""인세"", 68], [""먹다"", 56], [""답례"", 45], [""선물"", 43], [""동명동"", 29], [""포장"", 24], [""초코"", 23], [""동구"", 17], [""초콜릿"", 17], [""말차"", 16], [""좋아하다"", 16], [""백서"", 15], [""수제"", 15], [""시그니처"", 15], [""치즈"", 14], [""오레오"", 14], [""가능"", 13], [""종류"", 13], [""주차"", 12], [""식감"", 12], [""마카다미아"", 12], [""크림"", 12], [""스모어"", 12], [""매장"", 11], [""상자"", 11], [""인기"", 11], [""비주얼"", 11], [""구매"", 11], [""밤"", 10], [""두바이"", 9], [""결혼"", 9], [""마시멜로"", 9], [""corp."", 8], [""일요일"", 8], [""휴무"", 8], [""라인업"", 8], [""견과"", 8], [""보관"", 8], [""사람"", 8]]"
1336874997,인포레,광주 동구 선교로 45,동구,35.0907232,126.9519082,https://pcmap.place.naver.com/place/1336874997/home,https://search.pstatic.net/common/?autoRotate=true&quality=95&type=w750&src=https%3A%2F%2Fldb-phinf.pstatic.net%2F20231128_292%2F1701161465619Q4MNH_JPEG%2F1.jpg,"넓음, 반려동물, 조용","대표메뉴: 빙수, 쿠키, 아메리카노 / 분위기: 넓음, 반려동물 / 맛: 상큼, 담백 / 주차: 가능","상큼, 담백, 단짠/짭짤","가족, 친구, 반려동물/애견동반","빙수, 쿠키, 아메리카노, 샌드위치, 팥빙수, 마들렌, 파스타, 라떼","빙수, 쿠키, 아메리카노",가능,9,70.7,가족,"넓음,반려동물,상큼,담백,가족","가족 추천 · 대표메뉴: 빙수, 쿠키, 아메리카노 / 분위기: 넓음, 반려동물 / 맛: 상큼, 담백 / 주차: 가능",5000~20000원(대표 8500원),"[5000, 6000, 6500, 8500, 10000, 11000, 20000]","[[""선교"", 35], [""먹다"", 22], [""동구"", 20], [""주차장"", 19], [""빵"", 19], [""넓다"", 17], [""공간"", 14], [""동반"", 13], [""화순"", 11], [""애견"", 10], [""자리"", 10], [""주차"", 9], [""사람"", 9], [""화장실"", 9], [""corp."", 8], [""테이블"", 8], [""가능"", 8], [""앉다"", 7], [""좌석"", 7], [""올라가다"", 7], [""아이"", 7], [""친구"", 7], [""피다"", 7], [""빙수"", 7], [""망고"", 7], [""영업시간"", 6], [""라스트"", 6], [""오더"", 6], [""야외"", 6], [""종류"", 6], [""편안"", 6], [""대형"", 6], [""자연"", 6], [""단체"", 6], [""삼월"", 6], [""동네"", 5], [""시간"", 5], [""아메리카노"", 5], [""몽블랑"", 5], [""편하다"", 5]]"
1155332455,청애몽,광주 동구 동계로 15,동구,35.1530824,126.9243015,https://pcmap.place.naver.com/place/1155332455/home,https://search.pstatic.net/common/?autoRotate=true&quality=95&type=w750&src=https%3A%2F%2Fldb-phinf.pstatic.net%2F20221114_76%2F16684194833827z2CE_JPEG%2FKakaoTalk_Photo_2022-11-14-18-50-05-9.jpeg,,근거 텍스트가 부족합니다(블로그/설명 추가 수집 권장).,,,,,,0,0.0,기본,,기본 추천 · 근거 텍스트가 부족합니다(블로그/설명 추가 수집 권장).,,[],[]
1702075895,치너스,광주 동구 장동로 23-6,동구,35.1482954,126.924709,https://pcmap.place.naver.com/place/1702075895/home,https://search.pstatic.net/common/?autoRotate=true&quality=95&type=w750&src=https%3A%2F%2Fldb-phinf.pstatic.net%2F20251105_50%2F1762327312881gDMRr_GIF%2FIMG_1852.gif,"감성, 아늑, 넓음","대표메뉴: 케이크, 말차, 토스트 / 분위기: 감성, 아늑 / 맛: 쌉싸름/다크, 달콤 / 주차: 가능","쌉싸름/다크, 달콤, 단짠/짭짤","데이트, 단체/대관, 친구","케이크, 말차, 토스트, 밀크티, 치즈케이크, 푸딩, 식빵, 라떼","케이크, 말차, 토스트",가능,10,73.3,데이트,"감성,아늑,쌉싸름/다크,달콤,데이트","데이트 추천 · 대표메뉴: 케이크, 말차, 토스트 / 분위기: 감성, 아늑 / 맛: 쌉싸름/다크, 달콤 / 주차: 가능",3700~4400원(대표 3950원),"[3700, 3800, 3900, 4000, 4200, 4400]","[[""치즈"", 47], [""케이크"", 43], [""먹다"", 37], [""동명동"", 29], [""말차"", 23], [""동구"", 19], [""공간"", 17], [""분위기"", 17], [""브륄레"", 16], [""토스트"", 15], [""cheenus"", 14], [""프렌치"", 14], [""카라멜"", 14], [""느낌"", 13], [""인테리어"", 12], [""오리지널"", 12], [""수플레"", 12], [""포장"", 12], [""장동"", 11], [""크리스마스"", 11], [""몬스터"", 11], [""드시다"", 11], [""밀크티"", 11], [""미디어"", 10], [""신상"", 10], [""글루텐"", 10], [""보관"", 10], [""오레오"", 9], [""좋아하다"", 9], [""자리"", 9], [""올라가다"", 9], [""가능"", 9], [""치즈케이크"", 9], [""설탕"", 9], [""오리지날"", 9], [""푸딩"", 8], [""바뀌다"", 8], [""설치"", 8], [""휴무"", 8], [""주차"", 8]]"
1628997169,카카오브릭,광주 동구 서석로7번길 12-14,동구,35.1462748,126.9148438,https://pcmap.place.naver.com/place/1628997169/home,https://search.pstatic.net/common/?autoRotate=true&quality=95&type=w750&src=https%3A%2F%2Fldb-phinf.pstatic.net%2F20231014_217%2F1697259095085DBuT7_JPEG%2F20231013_161552.jpg,"감성, 키즈/가족친화, 모던","대표메뉴: 초코, 티라미수, 말차 / 분위기: 감성, 키즈/가족친화 / 맛: 쌉싸름/다크, 달콤 / 주차: 가능","쌉싸름/다크, 달콤, 상큼","단체/대관, 데이트, 가족","초코, 티라미수, 말차, 라떼, 푸딩, 케이크, 밀크티, 파르페","초코, 티라미수, 말차",가능,10,73.3,데이트,"감성,키즈/가족친화,쌉싸름/다크,달콤,단체/대관","데이트 추천 · 대표메뉴: 초코, 티라미수, 말차 / 분위기: 감성, 키즈/가족친화 / 맛: 쌉싸름/다크, 달콤 / 주차: 가능",1500~45000원(대표 5500원),"[1500, 2500, 3000, 3500, 5000, 5500, 6500, 6800, 7500, 13500, 45000]","[[""초콜릿"", 240], [""카카오"", 115], [""브릭"", 104], [""수제"", 88], [""먹다"", 61], [""답례"", 59], [""포장"", 56], [""충장로"", 55], [""선물"", 55], [""스틱"", 48], [""초코"", 35], [""티라미수"", 31], [""말차"", 29], [""고급"", 25], [""동구"", 24], [""화이트"", 23], [""밀크"", 22], [""보관"", 21], [""베리"", 21], [""종류"", 21], [""구매"", 20], [""가능"", 20], [""라떼"", 19], [""바나나"", 19], [""푸딩"", 17], [""서석"", 16], [""사장"", 16], [""고르다"", 15], [""센스"", 15], [""이상"", 14], [""준비"", 14], [""예약"", 13], [""소금"", 13], [""오레오"", 13], [""다크"", 13], [""귤"", 13], [""주차"", 12], [""지다"", 12], [""사람"", 12], [""달콤"", 12]]"
8b9f23b0fd47,카페 마루,광주 동구 조선대길 185,동구,35.14589535014445,126.93376193345792,nan,,"넓음, 조용, 아늑","대표메뉴: 아메리카노, 케이크, 라떼 / 분위기: 넓음, 조용 / 맛: 담백, 달콤 / 주차: 가능","담백, 달콤, 단짠/짭짤","데이트, 혼카페/작업, 친구","아메리카노, 케이크, 라떼, 콜드브루, 에이드, 소금빵","아메리카노, 케이크, 라떼",가능,9,56.2,데이트,"넓음,조용,담백,달콤,데이트","데이트 추천 · 대표메뉴: 아메리카노, 케이크, 라떼 / 분위기: 넓음, 조용 / 맛: 담백, 달콤 / 주차: 가능",900~8000원(대표 5000원),"[900, 1800, 5000, 6000, 8000]","[[""야경"", 61], [""마루"", 53], [""전망대"", 24], [""자물쇠"", 21], [""자리"", 19], [""조선"", 18], [""공간"", 16], [""조선대"", 15], [""동구"", 13], [""내부"", 13], [""조선대학교"", 13], [""명소"", 13], [""올라가다"", 12], [""대길"", 11], [""앉다"", 11], [""사랑"", 11], [""주차"", 10], [""친구"", 10], [""즐기다"", 9], [""따뜻"", 9], [""밤"", 9], [""마시다"", 9], [""구경"", 9], [""차"", 8], [""데이트"", 8], [""힐링"", 8], [""고래"", 7], [""corp."", 7], [""학교"", 7], [""떡"", 7], [""혼자"", 7], [""유명"", 7], [""대학"", 7], [""사범대"", 6], [""다녀오다"", 6], [""생기다"", 6], [""테라스"", 6], [""가능"", 6], [""들어오다"", 6], [""편하다"", 6]]"
dd1e19274eb4,카페도심,광주 동구 필문대로273번길 29,동구,35.14576020502032,126.93064547954656,nan,,"감성, 아늑, 모던","대표메뉴: 케이크, 라떼, 아이스크림 / 분위기: 감성, 아늑 / 맛: 상큼, 촉촉/쫀득 / 주차: 가능","상큼, 촉촉/쫀득, 달콤","단체/대관, 데이트, 친구","케이크, 라떼, 아이스크림, 에이드, 말차, 아메리카노, 바닐라, 카페라떼","케이크, 라떼, 아이스크림",가능,3,64.0,데이트,"감성,아늑,상큼,촉촉/쫀득,단체/대관","데이트 추천 · 대표메뉴: 케이크, 라떼, 아이스크림 / 분위기: 감성, 아늑 / 맛: 상큼, 촉촉/쫀득 / 주차: 가능",5500~7200원(대표 6200원),"[5500, 6200, 7200]","[[""도심"", 48], [""케이크"", 45], [""후문"", 16], [""제작"", 16], [""크림"", 15], [""공간"", 12], [""디자인"", 12], [""가능"", 11], [""인테리어"", 9], [""시그니처"", 9], [""넓다"", 8], [""라떼"", 8], [""주차"", 7], [""지산"", 6], [""내부"", 6], [""준비"", 6], [""파티"", 6], [""보름달"", 6], [""건물"", 5], [""지하"", 5], [""충전"", 5], [""종류"", 5], [""레터"", 5], [""판매"", 5], [""아이스크림"", 5], [""달달하다"", 5], [""진하다"", 5], [""수제"", 5], [""재생"", 5], [""다녀오다"", 4], [""동구"", 4], [""예약"", 4], [""볼링장"", 4], [""마련"", 4], [""오픈"", 4], [""안쪽"", 4], [""단체"", 4], [""모임"", 4], [""에이드"", 4], [""용품"", 4]]"
1377000633,카페뮤지엄CM,광주 동구 문화전당로 29-1,동구,35.1451861,126.9191996,https://pcmap.place.naver.com/place/1377000633/home,https://search.pstatic.net/common/?autoRotate=true&quality=95&type=w750&src=https%3A%2F%2Fldb-phinf.pstatic.net%2F20230414_257%2F1681457105444mC3Ur_JPEG%2FD56CE8A3-70A9-4CDC-9620-4E70E5B21949.jpeg,"감성, 조용","대표메뉴: 팥빙수, 빙수, 아메리카노 / 분위기: 감성, 조용",,"혼카페/작업, 단체/대관, 데이트","팥빙수, 빙수, 아메리카노","팥빙수, 빙수, 아메리카노",,1,12.0,데이트,"감성,조용,혼카페/작업","데이트 추천 · 대표메뉴: 팥빙수, 빙수, 아메리카노 / 분위기: 감성, 조용",,[],"[[""팥빙수"", 14], [""먹다"", 7], [""사장"", 4], [""빙수"", 4], [""여름"", 3], [""뮤지엄"", 3], [""cm"", 3], [""구경"", 3], [""화장실"", 3], [""감성"", 3], [""시누이"", 2], [""라이브"", 2], [""좋아하다"", 2], [""가능"", 2], [""시키다"", 2], [""스타일"", 2], [""피규어"", 2], [""그린"", 2], [""참다"", 2], [""나다"", 2], [""곳곳"", 2], [""떡"", 2], [""올라가다"", 2], [""비비다"", 2], [""공부"", 2], [""생각나다"", 1], [""필수"", 1], [""주말"", 1], [""시어머니"", 1], [""다녀오다"", 1], [""corp."", 1], [""동구"", 1], [""문화"", 1], [""수앤수"", 1], [""센터"", 1], [""갓길"", 1], [""주차"", 1], [""문화전당역"", 1], [""맞은편"", 1], [""편하다"", 1]]"
8d109b44b02e,카페잇샌드 학동점,광주 동구 의재로 65,동구,35.13223136803904,126.93500735070792,nan,,,근거 텍스트가 부족합니다(블로그/설명 추가 수집 권장).,,,,,,0,0.0,기본,,기본 추천 · 근거 텍스트가 부족합니다(블로그/설명 추가 수집 권장).,,[],[]
723ac9b0cfce,카페코브,광주 동구 경양로 275,동구,35.1552575403863,126.919921343272,nan,,,근거 텍스트가 부족합니다(블로그/설명 추가 수집 권장).,,,,,,0,0.0,기본,,기본 추천 · 근거 텍스트가 부족합니다(블로그/설명 추가 수집 권장).,,[],[]
1217015353,카페플랜비,광주 동구 동계천로 126-7,동구,35.1495881,126.9234004,https://pcmap.place.naver.com/place/1217015353/home,https://search.pstatic.net/common/?autoRotate=true&quality=95&type=w750&src=https%3A%2F%2Fldb-phinf.pstatic.net%2F20220906_189%2F1662454552424fqpBD_JPEG%2F8CDE2E44-82EC-4977-BA6D-F92A4FA0B76E.jpeg,"아늑, 넓음, 감성","대표메뉴: 샌드위치, 타르트, 라떼 / 분위기: 아늑, 넓음 / 맛: 상큼, 담백 / 주차: 가능","상큼, 담백, 달콤","데이트, 친구, 단체/대관","샌드위치, 타르트, 라떼, 아메리카노, 에이드, 케이크, 바닐라, 휘낭시에","샌드위치, 타르트, 라떼",가능,4,65.3,데이트,"아늑,넓음,상큼,담백,데이트","데이트 추천 · 대표메뉴: 샌드위치, 타르트, 라떼 / 분위기: 아늑, 넓음 / 맛: 상큼, 담백 / 주차: 가능",,[],"[[""플랜"", 42], [""샌드위치"", 21], [""에그"", 18], [""타르트"", 15], [""분위기"", 12], [""토피넛라떼"", 10], [""먹다"", 9], [""친구"", 8], [""월동"", 7], [""가능"", 6], [""라떼"", 6], [""자리"", 6], [""동구"", 6], [""벚꽃"", 6], [""케익"", 6], [""휘핑디에그"", 6], [""발견"", 5], [""corp."", 5], [""아메리카노"", 5], [""차"", 5], [""느낌"", 5], [""감성"", 5], [""화장실"", 5], [""숨다"", 4], [""휴무"", 4], [""영업시간"", 4], [""배달"", 4], [""깔끔"", 4], [""사장"", 4], [""레몬"", 4], [""치즈"", 4], [""단호박"", 4], [""다녀오다"", 4], [""동계천"", 4], [""모르다"", 4], [""숨기다"", 4], [""동명동"", 4], [""인테리어"", 4], [""내부"", 4], [""라벤더"", 4]]"
b959c0fe9809,카페호시정,광주 동구 동계천로 137-9,동구,35.149747070592646,126.92484215313831,nan,,"넓음, 조용, 감성","대표메뉴: 케이크, 라떼, 아메리카노 / 분위기: 넓음, 조용 / 맛: 달콤, 고소 / 주차: 가능","달콤, 고소, 담백","데이트, 혼카페/작업, 단체/대관","케이크, 라떼, 아메리카노, 밀크티, 치즈케이크, 카페라떼, 말차, 에이드","케이크, 라떼, 아메리카노",가능,3,64.0,데이트,"넓음,조용,달콤,고소,데이트","데이트 추천 · 대표메뉴: 케이크, 라떼, 아메리카노 / 분위기: 넓음, 조용 / 맛: 달콤, 고소 / 주차: 가능",5000~6500원(대표 5750원),"[5000, 6500]","[[""케이크"", 35], [""동명동"", 31], [""시정"", 30], [""수제"", 24], [""느낌"", 24], [""\""카페호"", 15], [""공간"", 14], [""먹다"", 13], [""분위기"", 10], [""자리"", 10], [""정원"", 8], [""테이블"", 8], [""바스크"", 8], [""차"", 7], [""크다"", 7], [""어울리다"", 7], [""주택"", 6], [""조용"", 6], [""마시다"", 6], [""치즈"", 6], [""고급"", 6], [""동구"", 6], [""동계천"", 6], [""입구"", 6], [""감성"", 5], [""단맛"", 5], [""좋아하다"", 5], [""인테리어"", 5], [""들어오다"", 4], [""은은"", 4], [""앉다"", 4], [""마음"", 4], [""종류"", 4], [""흑임자"", 4], [""고소하다"", 4], [""메인"", 4], [""고소"", 4], [""화장실"", 4], [""로스팅"", 3], [""원두"", 3]]"
1644439192,커피메이트,광주 동구 동계로 6,동구,35.1522325,126.9243516,https://pcmap.place.naver.com/place/1644439192/home,https://search.pstatic.net/common/?autoRotate=true&quality=95&type=w750&src=https%3A%2F%2Fldb-phinf.pstatic.net%2F20241124_271%2F1732445422957gxjEy_JPEG%2FKakaoTalk_20241124_194844613_04.jpg,"조용, 감성, 넓음","대표메뉴: 밀크티, 에이드, 초코 / 분위기: 조용, 감성 / 맛: 달콤, 상큼 / 주차: 혼재(확인필요)","달콤, 상큼, 담백","혼카페/작업, 데이트, 친구","밀크티, 에이드, 초코, 라떼, 아메리카노, 케이크, 콜드브루, 말차","밀크티, 에이드, 초코",혼재(확인필요),7,59.3,데이트,"조용,감성,달콤,상큼,혼카페/작업","데이트 추천 · 대표메뉴: 밀크티, 에이드, 초코 / 분위기: 조용, 감성 / 맛: 달콤, 상큼 / 주차: 혼재(확인필요)",4500~6500원(대표 5500원),"[4500, 5000, 5500, 6000, 6500]","[[""메이트"", 42], [""동명동"", 38], [""밀크티"", 38], [""테린느"", 24], [""먹다"", 22], [""마시다"", 15], [""분위기"", 14], [""테이블"", 12], [""동구"", 11], [""에이드"", 11], [""밀크"", 10], [""조용"", 10], [""동계"", 9], [""앉다"", 9], [""초코"", 8], [""감성"", 8], [""공간"", 8], [""작업"", 8], [""corp."", 7], [""치즈"", 7], [""주차"", 7], [""메뉴판"", 7], [""노트북"", 7], [""자리"", 7], [""아이스"", 6], [""나다"", 6], [""안녕"", 6], [""깔끔"", 6], [""친구"", 6], [""나누다"", 6], [""주차장"", 6], [""크림"", 6], [""테리"", 5], [""라떼"", 5], [""종류"", 5], [""아메리카노"", 5], [""그레이"", 5], [""느낌"", 5], [""근처"", 5], [""드리다"", 5]]"
1973009351,쿠자쿠,광주 동구 무등로306번길 8,동구,35.1617236,126.9159746,https://pcmap.place.naver.com/place/1973009351/home,https://search.pstatic.net/common/?autoRotate=true&quality=95&type=w750&src=https%3A%2F%2Fldb-phinf.pstatic.net%2F20251211_91%2F1765380539071EfMW4_JPEG%2FIMG_0669.jpeg,"넓음, 감성, 아늑","대표메뉴: 케이크, 마들렌, 스콘 / 분위기: 넓음, 감성 / 맛: 담백, 상큼 / 주차: 가능","담백, 상큼, 달콤","데이트, 친구, 가족","케이크, 마들렌, 스콘, 쿠키, 빙수, 팥빙수, 치즈케이크, 아이스크림","케이크, 마들렌, 스콘",가능,5,64.0,데이트,"넓음,감성,담백,상큼,데이트","데이트 추천 · 대표메뉴: 케이크, 마들렌, 스콘 / 분위기: 넓음, 감성 / 맛: 담백, 상큼 / 주차: 가능",4000~4000원(대표 4000원),[4000],"[[""먹다"", 32], [""국수"", 29], [""잔치"", 22], [""계림"", 20], [""케이크"", 20], [""동구"", 13], [""무등로"", 13], [""열무"", 12], [""계림동"", 11], [""소행"", 11], [""개인"", 11], [""수박"", 11], [""주차장"", 10], [""차"", 10], [""열무김치"", 10], [""주스"", 10], [""좋아하다"", 9], [""김밥"", 9], [""식사"", 9], [""수제"", 9], [""자리"", 8], [""분위기"", 8], [""마들렌"", 8], [""남편"", 7], [""홈플러스"", 7], [""내부"", 7], [""느낌"", 7], [""시키다"", 7], [""스콘"", 7], [""가게"", 7], [""식당"", 6], [""판매"", 6], [""corp."", 6], [""사장"", 6], [""메뉴판"", 6], [""친구"", 6], [""사다"", 5], [""나다"", 5], [""깔끔"", 5], [""만두"", 5]]"
1572609704,쿠키즈,광주 동구 장동로 42,동구,35.1474302,126.926085,https://pcmap.place.naver.com/place/1572609704/home,https://search.pstatic.net/common/?autoRotate=true&quality=95&type=w750&src=https%3A%2F%2Fldb-phinf.pstatic.net%2F20250404_83%2F1743749026892OrXgd_JPEG%2F1000022934.jpg,"아늑, 넓음, 감성","대표메뉴: 쿠키, 아이스크림, 초코 / 분위기: 아늑, 넓음 / 맛: 고소, 달콤 / 주차: 혼재(확인필요)","고소, 달콤, 담백","단체/대관, 데이트, 가족","쿠키, 아이스크림, 초코, 라떼, 아메리카노, 에이드, 마들렌, 말차","쿠키, 아이스크림, 초코",혼재(확인필요),10,63.3,데이트,"아늑,넓음,고소,달콤,단체/대관","데이트 추천 · 대표메뉴: 쿠키, 아이스크림, 초코 / 분위기: 아늑, 넓음 / 맛: 고소, 달콤 / 주차: 혼재(확인필요)",4500~12800원(대표 5600원),"[4500, 5000, 5600, 5800, 12800]","[[""쿠키"", 268], [""동명동"", 55], [""먹다"", 47], [""고르다"", 37], [""사이즈"", 34], [""미니"", 29], [""쪼다"", 28], [""선물"", 25], [""버터"", 24], [""종류"", 22], [""담다"", 20], [""명동"", 19], [""동구"", 18], [""장동"", 17], [""기본"", 17], [""선택"", 17], [""수제"", 16], [""포장"", 16], [""예약"", 15], [""가능"", 15], [""진하다"", 13], [""달다"", 13], [""맛보다"", 13], [""공간"", 12], [""초코"", 11], [""달콤"", 11], [""아이스크림"", 11], [""corp."", 10], [""식감"", 10], [""달달하다"", 10], [""내부"", 10], [""당일"", 10], [""보관"", 10], [""판매"", 10], [""일요일"", 9], [""휴무"", 9], [""방석"", 9], [""크림"", 9], [""좋아하다"", 9], [""자몽"", 9]]"
5c3ae25d1c5f,털보의커피 놀이터,광주 동구 필문대로 242-7,동구,35.14956551786823,126.9286888210657,nan,,,근거 텍스트가 부족합니다(블로그/설명 추가 수집 권장).,,,,,,0,0.0,기본,,기본 추천 · 근거 텍스트가 부족합니다(블로그/설명 추가 수집 권장).,,[],[]
7da99b1d92c3,투썸플레이스 광주동명동카페거리점,광주 동구 동명로 12,동구,35.1500596302957,126.923067306666,nan,,"조용, 모던","대표메뉴: 케이크, 아메리카노, 초코 / 분위기: 조용, 모던 / 맛: 고소, 담백 / 주차: 가능","고소, 담백","혼카페/작업, 데이트, 친구","케이크, 아메리카노, 초코, 파이","케이크, 아메리카노, 초코",가능,2,24.8,데이트,"조용,모던,고소,담백,혼카페/작업","데이트 추천 · 대표메뉴: 케이크, 아메리카노, 초코 / 분위기: 조용, 모던 / 맛: 고소, 담백 / 주차: 가능",4500~6500원(대표 6000원),"[4500, 6000, 6500]","[[""블랙"", 6], [""먹다"", 6], [""복숭아"", 5], [""투썸플레이스"", 4], [""케이크"", 4], [""달달하다"", 4], [""동명"", 4], [""주차장"", 4], [""동명동"", 3], [""화장실"", 3], [""피치"", 3], [""가능"", 3], [""느낌"", 3], [""동구"", 3], [""아메리카노"", 3], [""내부"", 2], [""넓다"", 2], [""올라가다"", 2], [""twosomeplace"", 2], [""지점"", 2], [""기준"", 2], [""조합"", 2], [""바코드"", 2], [""할인"", 2], [""최대"", 2], [""참고"", 2], [""투썸"", 2], [""명동"", 2], [""거리"", 2], [""무료"", 2], [""원두"", 2], [""클래식"", 2], [""가토"", 2], [""쇼콜라"", 2], [""좋아하다"", 2], [""사거리"", 1], [""코너"", 1], [""대형"", 1], [""넓직"", 1], [""계단"", 1]]"
953740419,파더스베이글 본점,광주 동구 서석로 87,동구,35.1496084,126.9209527,https://pcmap.place.naver.com/place/953740419/home,https://search.pstatic.net/common/?autoRotate=true&quality=95&type=w750&src=https%3A%2F%2Fldb-phinf.pstatic.net%2F20251113_22%2F1762993618958vYSyN_JPEG%2F%25C6%25C4%25B4%25F5%25BD%25BA%25BA%25A3%25C0%25CC%25B1%25DB_%25BA%25BB%25C1%25A15.jpg,,근거 텍스트가 부족합니다(블로그/설명 추가 수집 권장).,,,,,,0,0.0,기본,,기본 추천 · 근거 텍스트가 부족합니다(블로그/설명 추가 수집 권장).,,[],[]
1227460826,포르피노 열번째이야기,광주 동구 남문로 663,동구,35.1298196,126.9294023,https://pcmap.place.naver.com/place/1227460826/home,https://search.pstatic.net/common/?autoRotate=true&quality=95&type=w750&src=https%3A%2F%2Fpup-review-phinf.pstatic.net%2FMjAyNTExMDVfMjgw%2FMDAxNzYyMzI5OTA1ODUx.lz-YzZM0MUrYGFn4XcPKwdp0r8FiQIAuX_Fz9pHT8ZEg.6IXy-IKzOLaM4k55j_eYLG6S_YBZsxbthdZYL2kwzEYg.JPEG%2F20251105_165836.jpg.jpg,,근거 텍스트가 부족합니다(블로그/설명 추가 수집 권장).,,,,,,0,0.0,기본,,기본 추천 · 근거 텍스트가 부족합니다(블로그/설명 추가 수집 권장).,,[],[]
1561221558,프로젝트 위크,광주 동구 충장로 102-6,동구,35.147072,126.9177403,https://pcmap.place.naver.com/place/1561221558/home,https://search.pstatic.net/common/?autoRotate=true&quality=95&type=w750&src=https%3A%2F%2Fldb-phinf.pstatic.net%2F20231013_202%2F1697205312662Fjtuq_JPEG%2F%25C1%25A6%25B8%25F1_%25BE%25F8%25B4%25C2_%25BE%25C6%25C6%25AE%25BF%25F6%25C5%25A9.jpeg,,근거 텍스트가 부족합니다(블로그/설명 추가 수집 권장).,,,,,,0,0.0,기본,,기본 추천 · 근거 텍스트가 부족합니다(블로그/설명 추가 수집 권장).,,[],[]
2033350956,피치핏치,광주 동구 서석로 91,동구,35.1498975,126.9213196,https://pcmap.place.naver.com/place/2033350956/home,https://search.pstatic.net/common/?autoRotate=true&quality=95&type=w750&src=https%3A%2F%2Fldb-phinf.pstatic.net%2F20251123_300%2F17638682099386fwBM_JPEG%2FDB238795-E559-4A5E-B68C-48C1FCA7DDA3.jpeg,"넓음, 감성, 반려동물","대표메뉴: 토스트, 마들렌, 쿠키 / 분위기: 넓음, 감성 / 맛: 상큼, 쌉싸름/다크 / 주차: 가능","상큼, 쌉싸름/다크, 고소","데이트, 친구, 반려동물/애견동반","토스트, 마들렌, 쿠키, 초코, 에이드, 아메리카노, 브라우니, 라떼","토스트, 마들렌, 쿠키",가능,10,73.3,데이트,"넓음,감성,상큼,쌉싸름/다크,데이트","데이트 추천 · 대표메뉴: 토스트, 마들렌, 쿠키 / 분위기: 넓음, 감성 / 맛: 상큼, 쌉싸름/다크 / 주차: 가능",2000~7500원(대표 4400원),"[2000, 3000, 3500, 4000, 4800, 5500, 6000, 7500]","[[""동명동"", 45], [""토스트"", 30], [""신상"", 28], [""마들렌"", 28], [""키티"", 27], [""먹다"", 21], [""쿠키"", 20], [""자리"", 18], [""동구"", 16], [""서석"", 14], [""초코"", 14], [""peach"", 11], [""fitch"", 11], [""어항"", 11], [""에이드"", 11], [""오픈"", 10], [""파파야"", 10], [""레몬"", 10], [""아메리카노"", 10], [""선물"", 10], [""주차장"", 9], [""내부"", 9], [""고양이"", 9], [""브라우니"", 9], [""메뉴판"", 8], [""블루"", 8], [""소품"", 8], [""라떼"", 8], [""준비"", 8], [""주차"", 7], [""입구"", 7], [""느낌"", 7], [""헬로"", 7], [""이벤트"", 7], [""플레인"", 7], [""영업시간"", 6], [""좋아하다"", 6], [""화장실"", 6], [""건물"", 6], [""올라가다"", 6]]"
1912716325,해브어굿데이,광주 동구 산수길 11-10,동구,35.1547449,126.9272164,https://pcmap.place.naver.com/place/1912716325/home,https://search.pstatic.net/common/?autoRotate=true&quality=95&type=w750&src=https%3A%2F%2Fldb-phinf.pstatic.net%2F20240423_77%2F17138692178351kfLt_JPEG%2F1BD47943-B9B8-40AC-A227-09E585BB3A6D.jpeg,,근거 텍스트가 부족합니다(블로그/설명 추가 수집 권장).,,,,,,0,0.0,기본,,기본 추천 · 근거 텍스트가 부족합니다(블로그/설명 추가 수집 권장).,,[],[]
1452031405,허니비,광주 동구 서남로 30,동구,35.144374,126.9248213,https://pcmap.place.naver.com/place/1452031405/home,https://search.pstatic.net/common/?autoRotate=true&quality=95&type=w750&src=https%3A%2F%2Fldb-phinf.pstatic.net%2F20181120_287%2F15426940139410ny5y_JPEG%2FXA90k_l_1fCTAQ2-bLGM6QxW.jpg,"아늑, 감성, 넓음","대표메뉴: 밀크티 / 분위기: 아늑, 감성 / 맛: 달콤, 담백","달콤, 담백","데이트, 친구, 가족",밀크티,밀크티,,1,19.5,데이트,"아늑,감성,달콤,담백,데이트","데이트 추천 · 대표메뉴: 밀크티 / 분위기: 아늑, 감성 / 맛: 달콤, 담백",,[],"[[""분위기"", 11], [""오브"", 6], [""크리스마스"", 5], [""플랫"", 5], [""마시다"", 5], [""첨단"", 4], [""광산구"", 4], [""주택가"", 4], [""초콜릿"", 4], [""공간"", 3], [""런오브더밀"", 3], [""평일"", 3], [""무스"", 3], [""자리"", 2], [""따뜻"", 2], [""산월"", 2], [""주차"", 2], [""여유"", 2], [""라스트"", 2], [""오더"", 2], [""시간"", 2], [""즐기다"", 2], [""친구"", 2], [""시즌"", 2], [""매장"", 2], [""꾸미다"", 2], [""감탄"", 2], [""겨울"", 2], [""달달하다"", 2], [""챙기다"", 2], [""감성"", 2], [""조용"", 1], [""드리다"", 1], [""가운데"", 1], [""바쁘다"", 1], [""일상"", 1], [""고르다"", 1], [""corp."", 1], [""가능"", 1], [""차량"", 1]]"
1228489501,헤이드,광주 동구 백서로 166,동구,35.1434589,126.9232668,https://pcmap.place.naver.com/place/1228489501/home,https://search.pstatic.net/common/?autoRotate=true&quality=95&type=w750&src=https%3A%2F%2Fldb-phinf.pstatic.net%2F20220312_199%2F1647074773142xpxYy_JPEG%2F1FA5736C-82CE-4033-BF0F-F9D50A5704FA.jpeg,"넓음, 아늑, 모던","대표메뉴: 케이크, 라떼, 아메리카노 / 분위기: 넓음, 아늑 / 맛: 단짠/짭짤, 상큼 / 주차: 가능","단짠/짭짤, 상큼, 고소","단체/대관, 친구, 가족","케이크, 라떼, 아메리카노, 피자, 타르트, 샐러드, 카페라떼, 쿠키","케이크, 라떼, 아메리카노",가능,10,73.3,가족,"넓음,아늑,단짠/짭짤,상큼,단체/대관","가족 추천 · 대표메뉴: 케이크, 라떼, 아메리카노 / 분위기: 넓음, 아늑 / 맛: 단짠/짭짤, 상큼 / 주차: 가능",2700~23000원(대표 7450원),"[2700, 3000, 3500, 4000, 4500, 4800, 5000, 5500, 5800, 7100, 7800, 9000, 9400, 9500, 10000, 12000, 17800, 22000, 22800, 23000]","[[""에어컨"", 74], [""먹다"", 58], [""빵"", 44], [""세척"", 43], [""청소"", 42], [""업체"", 36], [""소금"", 31], [""corp."", 29], [""동구"", 25], [""치즈"", 21], [""계란"", 19], [""백서"", 19], [""나다"", 17], [""쓰다"", 17], [""딸기"", 15], [""시키다"", 15], [""케이크"", 15], [""필터"", 15], [""분해"", 14], [""김치"", 14], [""서석"", 13], [""국밥"", 13], [""곰팡이"", 12], [""내부"", 11], [""마시다"", 11], [""병원"", 11], [""아침"", 10], [""시간"", 10], [""생기다"", 10], [""사랑"", 10], [""냄새"", 10], [""자리"", 9], [""소스"", 9], [""김밥"", 9], [""넣다"", 9], [""예약"", 9], [""근처"", 8], [""사다"", 8], [""케어"", 8], [""완전"", 8]]"
634883e579a8,화채업자,광주 동구 장동로 15-1,동구,35.1486314193013,126.92377319446,nan,,"넓음, 모던, 키즈/가족친화","대표메뉴: 빙수, 와플, 아이스크림 / 분위기: 넓음, 모던 / 맛: 상큼, 달콤 / 주차: 가능","상큼, 달콤, 담백","가족, 데이트, 반려동물/애견동반","빙수, 와플, 아이스크림, 아메리카노, 초코, 팥빙수, 케이크, 브라우니","빙수, 와플, 아이스크림",가능,10,73.3,데이트,"넓음,모던,상큼,달콤,가족","데이트 추천 · 대표메뉴: 빙수, 와플, 아이스크림 / 분위기: 넓음, 모던 / 맛: 상큼, 달콤 / 주차: 가능",3500~22000원(대표 17500원),"[3500, 13000, 16000, 17000, 18000, 19000, 21000, 22000]","[[""화채"", 132], [""빙수"", 126], [""업자"", 83], [""과일"", 58], [""먹다"", 51], [""봉선"", 46], [""봉선동"", 38], [""딸기"", 37], [""우유"", 31], [""수박"", 26], [""와플"", 21], [""안길"", 17], [""망고"", 17], [""주차"", 16], [""신선"", 14], [""배달"", 14], [""자리"", 14], [""넓다"", 13], [""얼음"", 12], [""가능"", 11], [""공간"", 11], [""테이블"", 11], [""동반"", 11], [""여름"", 11], [""매장"", 11], [""호랑이"", 10], [""선택"", 10], [""골목"", 10], [""달달하다"", 9], [""corp."", 9], [""근처"", 9], [""느낌"", 9], [""애견"", 9], [""주차장"", 8], [""크다"", 8], [""잼"", 8], [""멜론"", 8], [""앉다"", 8], [""바나나"", 8], [""시간"", 8]]"
b998f0a65106,휘핑디에그,광주 동구 제봉로 140,동구,35.15043152740898,126.92109814189948,nan,,"아늑, 넓음, 뷰/통창","대표메뉴: 타르트, 케이크, 파이 / 분위기: 아늑, 넓음 / 맛: 단짠/짭짤, 고소 / 주차: 혼재(확인필요)","단짠/짭짤, 고소, 상큼","단체/대관, 데이트, 친구","타르트, 케이크, 파이, 쿠키, 식빵, 아메리카노, 푸딩, 샌드위치","타르트, 케이크, 파이",혼재(확인필요),8,60.7,데이트,"아늑,넓음,단짠/짭짤,고소,단체/대관","데이트 추천 · 대표메뉴: 타르트, 케이크, 파이 / 분위기: 아늑, 넓음 / 맛: 단짠/짭짤, 고소 / 주차: 혼재(확인필요)",500~32900원(대표 4000원),"[500, 700, 2500, 3000, 3500, 3800, 4000, 4500, 6000, 14000, 14900, 22300, 32900]","[[""에그"", 100], [""타르트"", 87], [""빵"", 48], [""예약"", 41], [""먹다"", 38], [""소금"", 33], [""케이크"", 33], [""동구"", 33], [""포장"", 31], [""버터"", 28], [""구매"", 27], [""동명동"", 26], [""가능"", 22], [""오픈"", 19], [""매장"", 19], [""파이"", 18], [""답례"", 18], [""첨단"", 17], [""휘핑디"", 17], [""사다"", 16], [""이벤트"", 16], [""세트"", 16], [""간식"", 16], [""정도"", 15], [""단체"", 15], [""크림"", 15], [""망고"", 15], [""유명"", 14], [""쿠키"", 14], [""판매"", 13], [""딸기"", 13], [""동명"", 13], [""동계천"", 13], [""종류"", 12], [""제봉로"", 12], [""리프"", 10], [""드시다"", 10], [""가격"", 9], [""테이블"", 8], [""참여"", 8]]"
